2025-08-18 16:08:51,488 - root - INFO - Logging initialized
2025-08-18 16:08:51,488 - __main__ - INFO - Starting ManTion Web Server
2025-08-18 16:09:47,436 - asyncio - ERROR - Exception in callback _ProactorBasePipeTransport._call_connection_lost(None)
handle: <Handle _ProactorBasePipeTransport._call_connection_lost(None)>
Traceback (most recent call last):
  File "C:\Program Files\Python310\lib\asyncio\events.py", line 80, in _run
    self._context.run(self._callback, *self._args)
  File "C:\Program Files\Python310\lib\asyncio\proactor_events.py", line 165, in _call_connection_lost
    self._sock.shutdown(socket.SHUT_RDWR)
ConnectionResetError: [WinError 10054] An existing connection was forcibly closed by the remote host
2025-08-18 16:10:08,545 - detector - INFO - YOLO models loaded: det=models/yolov8n.pt, pose=models/yolov8n-pose.pt, device=cpu
2025-08-18 16:10:09,305 - alarm - INFO - Alarm system initialized with pygame backend
2025-08-18 16:10:09,353 - alarm - WARNING - Failed to initialize pygame: Unrecognized audio format
2025-08-18 16:10:09,353 - utils - INFO - System: {"timestamp": "2025-08-18T16:10:09.353051", "event_type": "initialization", "message": "System components initialized successfully"}
2025-08-18 16:10:09,354 - __main__ - INFO - Starting video processing loop
2025-08-18 16:10:09,354 - utils - INFO - System: {"timestamp": "2025-08-18T16:10:09.354101", "event_type": "control", "message": "ManTion system started"}
2025-08-18 16:10:14,358 - utils - INFO - System: {"timestamp": "2025-08-18T16:10:14.358069", "event_type": "control", "message": "ManTion system stopped"}
2025-08-18 16:10:14,361 - line_control - WARNING - Assembly line STOP triggered by gesture (fist)
2025-08-18 16:10:14,445 - utils - WARNING - System: {"timestamp": "2025-08-18T16:10:14.445174", "event_type": "emergency", "message": "Emergency stop triggered via API"}
2025-08-18 16:10:14,446 - line_control - INFO - Assembly line START triggered by gesture (open palm)
2025-08-18 16:10:14,623 - __main__ - INFO - Camera opened on index 0
2025-08-18 16:10:14,893 - alarm - INFO - Alarm stopped
2025-08-18 16:10:14,893 - utils - INFO - System: {"timestamp": "2025-08-18T16:10:14.893449", "event_type": "control", "message": "Assembly line started via API"}
2025-08-18 16:10:28,636 - __main__ - INFO - Video processing loop ended
2025-08-18 16:10:58,508 - root - INFO - Logging initialized
2025-08-18 16:10:58,508 - __main__ - INFO - Starting ManTion Web Server
2025-08-18 16:11:19,140 - asyncio - ERROR - Exception in callback _ProactorBasePipeTransport._call_connection_lost(None)
handle: <Handle _ProactorBasePipeTransport._call_connection_lost(None)>
Traceback (most recent call last):
  File "C:\Program Files\Python310\lib\asyncio\events.py", line 80, in _run
    self._context.run(self._callback, *self._args)
  File "C:\Program Files\Python310\lib\asyncio\proactor_events.py", line 165, in _call_connection_lost
    self._sock.shutdown(socket.SHUT_RDWR)
ConnectionResetError: [WinError 10054] An existing connection was forcibly closed by the remote host
2025-08-18 16:13:24,328 - root - INFO - Logging initialized
2025-08-18 16:13:24,328 - __main__ - INFO - Starting ManTion Web Server
2025-08-18 16:15:30,187 - root - INFO - Logging initialized
2025-08-18 16:15:30,187 - __main__ - INFO - Starting ManTion Web Server
2025-08-18 16:16:34,783 - detector - INFO - YOLO models loaded: det=models/yolov8n.pt, pose=models/yolov8n-pose.pt, device=cpu
2025-08-18 16:16:35,452 - alarm - INFO - Alarm system initialized with pygame backend
2025-08-18 16:16:35,456 - alarm - WARNING - Failed to initialize pygame: Unrecognized audio format
2025-08-18 16:16:35,458 - utils - INFO - System: {"timestamp": "2025-08-18T16:16:35.458074", "event_type": "initialization", "message": "System components initialized successfully"}
2025-08-18 16:16:35,464 - __main__ - INFO - Starting video processing loop
2025-08-18 16:16:35,464 - utils - INFO - System: {"timestamp": "2025-08-18T16:16:35.464245", "event_type": "control", "message": "ManTion system started"}
2025-08-18 16:16:40,534 - __main__ - INFO - Camera opened on index 0
2025-08-18 16:16:58,513 - utils - INFO - Detection: {"timestamp": "2025-08-18T16:16:58.513156", "event_type": "detection", "label": "person", "confidence": 0.9211935997009277, "bbox": {"x1": 362, "y1": 254, "x2": 965, "y2": 714}}
2025-08-18 16:16:58,688 - utils - INFO - Detection: {"timestamp": "2025-08-18T16:16:58.688652", "event_type": "detection", "label": "person", "confidence": 0.9181581735610962, "bbox": {"x1": 355, "y1": 254, "x2": 965, "y2": 715}}
2025-08-18 16:16:58,793 - utils - INFO - Detection: {"timestamp": "2025-08-18T16:16:58.792290", "event_type": "detection", "label": "person", "confidence": 0.9203057289123535, "bbox": {"x1": 355, "y1": 253, "x2": 965, "y2": 714}}
2025-08-18 16:16:58,885 - utils - INFO - Detection: {"timestamp": "2025-08-18T16:16:58.885314", "event_type": "detection", "label": "person", "confidence": 0.9185006022453308, "bbox": {"x1": 355, "y1": 253, "x2": 965, "y2": 715}}
2025-08-18 16:16:58,973 - utils - INFO - Detection: {"timestamp": "2025-08-18T16:16:58.973123", "event_type": "detection", "label": "person", "confidence": 0.91909259557724, "bbox": {"x1": 355, "y1": 252, "x2": 965, "y2": 715}}
2025-08-18 16:16:59,066 - utils - INFO - Detection: {"timestamp": "2025-08-18T16:16:59.066456", "event_type": "detection", "label": "person", "confidence": 0.9172690510749817, "bbox": {"x1": 355, "y1": 252, "x2": 965, "y2": 715}}
2025-08-18 16:16:59,158 - utils - INFO - Detection: {"timestamp": "2025-08-18T16:16:59.158464", "event_type": "detection", "label": "person", "confidence": 0.9190093278884888, "bbox": {"x1": 355, "y1": 252, "x2": 965, "y2": 715}}
2025-08-18 16:16:59,257 - utils - INFO - Detection: {"timestamp": "2025-08-18T16:16:59.257020", "event_type": "detection", "label": "person", "confidence": 0.9180095791816711, "bbox": {"x1": 355, "y1": 252, "x2": 965, "y2": 715}}
2025-08-18 16:16:59,351 - utils - INFO - Detection: {"timestamp": "2025-08-18T16:16:59.350755", "event_type": "detection", "label": "person", "confidence": 0.9179750084877014, "bbox": {"x1": 355, "y1": 251, "x2": 965, "y2": 714}}
2025-08-18 16:16:59,453 - utils - INFO - Detection: {"timestamp": "2025-08-18T16:16:59.453244", "event_type": "detection", "label": "person", "confidence": 0.9198904633522034, "bbox": {"x1": 355, "y1": 252, "x2": 965, "y2": 715}}
2025-08-18 16:16:59,548 - utils - INFO - Detection: {"timestamp": "2025-08-18T16:16:59.548031", "event_type": "detection", "label": "person", "confidence": 0.9190510511398315, "bbox": {"x1": 355, "y1": 252, "x2": 965, "y2": 714}}
2025-08-18 16:16:59,644 - utils - INFO - Detection: {"timestamp": "2025-08-18T16:16:59.644176", "event_type": "detection", "label": "person", "confidence": 0.9180434942245483, "bbox": {"x1": 355, "y1": 253, "x2": 965, "y2": 715}}
2025-08-18 16:16:59,732 - utils - INFO - Detection: {"timestamp": "2025-08-18T16:16:59.732940", "event_type": "detection", "label": "person", "confidence": 0.9209297299385071, "bbox": {"x1": 355, "y1": 253, "x2": 965, "y2": 714}}
2025-08-18 16:16:59,833 - utils - INFO - Detection: {"timestamp": "2025-08-18T16:16:59.833532", "event_type": "detection", "label": "person", "confidence": 0.9194586873054504, "bbox": {"x1": 355, "y1": 253, "x2": 965, "y2": 714}}
2025-08-18 16:16:59,931 - utils - INFO - Detection: {"timestamp": "2025-08-18T16:16:59.931518", "event_type": "detection", "label": "person", "confidence": 0.9220298528671265, "bbox": {"x1": 355, "y1": 254, "x2": 965, "y2": 715}}
2025-08-18 16:17:00,025 - utils - INFO - Detection: {"timestamp": "2025-08-18T16:17:00.025492", "event_type": "detection", "label": "person", "confidence": 0.9223609566688538, "bbox": {"x1": 355, "y1": 254, "x2": 965, "y2": 714}}
2025-08-18 16:17:00,115 - utils - INFO - Detection: {"timestamp": "2025-08-18T16:17:00.115455", "event_type": "detection", "label": "person", "confidence": 0.9190137982368469, "bbox": {"x1": 356, "y1": 254, "x2": 965, "y2": 714}}
2025-08-18 16:17:00,203 - utils - INFO - Detection: {"timestamp": "2025-08-18T16:17:00.202335", "event_type": "detection", "label": "person", "confidence": 0.919684112071991, "bbox": {"x1": 355, "y1": 254, "x2": 965, "y2": 714}}
2025-08-18 16:17:00,292 - utils - INFO - Detection: {"timestamp": "2025-08-18T16:17:00.292478", "event_type": "detection", "label": "person", "confidence": 0.9228973388671875, "bbox": {"x1": 356, "y1": 253, "x2": 966, "y2": 714}}
2025-08-18 16:17:00,409 - utils - INFO - Detection: {"timestamp": "2025-08-18T16:17:00.409087", "event_type": "detection", "label": "person", "confidence": 0.9253471493721008, "bbox": {"x1": 355, "y1": 255, "x2": 966, "y2": 715}}
2025-08-18 16:17:00,500 - utils - INFO - Detection: {"timestamp": "2025-08-18T16:17:00.500669", "event_type": "detection", "label": "person", "confidence": 0.9250800013542175, "bbox": {"x1": 356, "y1": 253, "x2": 966, "y2": 715}}
2025-08-18 16:17:00,601 - utils - INFO - Detection: {"timestamp": "2025-08-18T16:17:00.601618", "event_type": "detection", "label": "person", "confidence": 0.9252350926399231, "bbox": {"x1": 356, "y1": 254, "x2": 966, "y2": 715}}
2025-08-18 16:17:00,709 - utils - INFO - Detection: {"timestamp": "2025-08-18T16:17:00.709342", "event_type": "detection", "label": "person", "confidence": 0.9253489971160889, "bbox": {"x1": 356, "y1": 255, "x2": 966, "y2": 714}}
2025-08-18 16:17:00,803 - utils - INFO - Detection: {"timestamp": "2025-08-18T16:17:00.803506", "event_type": "detection", "label": "person", "confidence": 0.9217454195022583, "bbox": {"x1": 355, "y1": 253, "x2": 966, "y2": 715}}
2025-08-18 16:17:00,897 - utils - INFO - Detection: {"timestamp": "2025-08-18T16:17:00.896838", "event_type": "detection", "label": "person", "confidence": 0.9219808578491211, "bbox": {"x1": 355, "y1": 254, "x2": 966, "y2": 714}}
2025-08-18 16:17:00,997 - utils - INFO - Detection: {"timestamp": "2025-08-18T16:17:00.997149", "event_type": "detection", "label": "person", "confidence": 0.9219417572021484, "bbox": {"x1": 356, "y1": 254, "x2": 966, "y2": 714}}
2025-08-18 16:17:01,088 - utils - INFO - Detection: {"timestamp": "2025-08-18T16:17:01.088890", "event_type": "detection", "label": "person", "confidence": 0.9192798733711243, "bbox": {"x1": 355, "y1": 254, "x2": 966, "y2": 715}}
2025-08-18 16:17:01,179 - utils - INFO - Detection: {"timestamp": "2025-08-18T16:17:01.179266", "event_type": "detection", "label": "person", "confidence": 0.9209252595901489, "bbox": {"x1": 355, "y1": 253, "x2": 966, "y2": 714}}
2025-08-18 16:17:01,269 - utils - INFO - Detection: {"timestamp": "2025-08-18T16:17:01.269154", "event_type": "detection", "label": "person", "confidence": 0.9205887317657471, "bbox": {"x1": 355, "y1": 254, "x2": 966, "y2": 714}}
2025-08-18 16:17:01,360 - utils - INFO - Detection: {"timestamp": "2025-08-18T16:17:01.360489", "event_type": "detection", "label": "person", "confidence": 0.9250616431236267, "bbox": {"x1": 356, "y1": 253, "x2": 966, "y2": 714}}
2025-08-18 16:17:01,412 - __main__ - ERROR - Error in video processing loop: no running event loop
2025-08-18 16:17:01,413 - utils - ERROR - System: {"timestamp": "2025-08-18T16:17:01.413264", "event_type": "error", "message": "Video processing error: no running event loop"}
2025-08-18 16:17:01,738 - __main__ - INFO - Video processing loop ended
2025-08-19 11:52:46,332 - werkzeug - INFO - [31m[1mWARNING: This is a development server. Do not use it in a production deployment. Use a production WSGI server instead.[0m
 * Running on all addresses (0.0.0.0)
 * Running on http://127.0.0.1:5000
 * Running on http://10.141.220.141:5000
2025-08-19 11:52:46,332 - werkzeug - INFO - [33mPress CTRL+C to quit[0m
2025-08-19 11:54:47,168 - werkzeug - INFO - [31m[1mWARNING: This is a development server. Do not use it in a production deployment. Use a production WSGI server instead.[0m
 * Running on all addresses (0.0.0.0)
 * Running on http://127.0.0.1:5000
 * Running on http://10.141.220.141:5000
2025-08-19 11:54:47,168 - werkzeug - INFO - [33mPress CTRL+C to quit[0m
2025-08-20 15:27:24,910 - werkzeug - INFO - [31m[1mWARNING: This is a development server. Do not use it in a production deployment. Use a production WSGI server instead.[0m
 * Running on all addresses (0.0.0.0)
 * Running on http://127.0.0.1:5000
 * Running on http://192.168.101.4:5000
2025-08-20 15:27:24,911 - werkzeug - INFO - [33mPress CTRL+C to quit[0m
2025-08-20 15:27:25,022 - werkzeug - INFO - 127.0.0.1 - - [20/Aug/2025 15:27:25] "GET /api/settings HTTP/1.1" 200 -
2025-08-20 15:27:25,023 - werkzeug - INFO - 127.0.0.1 - - [20/Aug/2025 15:27:25] "GET /api/status HTTP/1.1" 200 -
2025-08-20 15:27:25,329 - werkzeug - INFO - 127.0.0.1 - - [20/Aug/2025 15:27:25] "GET /api/settings HTTP/1.1" 200 -
2025-08-20 15:27:25,330 - werkzeug - INFO - 127.0.0.1 - - [20/Aug/2025 15:27:25] "GET /api/status HTTP/1.1" 200 -
2025-08-20 15:27:29,532 - werkzeug - INFO - 127.0.0.1 - - [20/Aug/2025 15:27:29] "GET /api/settings HTTP/1.1" 200 -
2025-08-20 15:27:29,533 - werkzeug - INFO - 127.0.0.1 - - [20/Aug/2025 15:27:29] "GET /api/status HTTP/1.1" 200 -
2025-08-20 15:27:29,790 - werkzeug - INFO - 127.0.0.1 - - [20/Aug/2025 15:27:29] "GET /api/settings HTTP/1.1" 200 -
2025-08-20 15:27:29,845 - werkzeug - INFO - 127.0.0.1 - - [20/Aug/2025 15:27:29] "GET /api/status HTTP/1.1" 200 -
2025-08-20 15:27:29,848 - werkzeug - INFO - 127.0.0.1 - - [20/Aug/2025 15:27:29] "GET /api/settings HTTP/1.1" 200 -
2025-08-20 15:27:30,108 - werkzeug - INFO - 127.0.0.1 - - [20/Aug/2025 15:27:30] "GET /api/status HTTP/1.1" 200 -
2025-08-20 15:27:30,156 - werkzeug - INFO - 127.0.0.1 - - [20/Aug/2025 15:27:30] "GET /api/settings HTTP/1.1" 200 -
2025-08-20 15:27:30,157 - werkzeug - INFO - 127.0.0.1 - - [20/Aug/2025 15:27:30] "GET /api/status HTTP/1.1" 200 -
2025-08-20 15:27:38,156 - werkzeug - INFO - 127.0.0.1 - - [20/Aug/2025 15:27:38] "OPTIONS /api/start HTTP/1.1" 200 -
2025-08-20 15:27:39,212 - camera_service - INFO - Camera service started
2025-08-20 15:27:39,214 - werkzeug - INFO - 127.0.0.1 - - [20/Aug/2025 15:27:39] "POST /api/start HTTP/1.1" 200 -
2025-08-20 15:27:39,214 - alarm - WARNING - Failed to load alarm sound alarm.wav: Unknown WAVE format
2025-08-20 15:27:39,226 - alarm - INFO - Using fallback alarm sound: C:\Users\apurv\Documents\ManTion\venv\lib\site-packages\pygame\examples\data\boom.wav
2025-08-20 15:27:39,747 - detector - INFO - YOLO models loaded: det=models/yolov8n.pt, pose=models/yolov8n-pose.pt, device=cpu
2025-08-20 15:27:40,226 - werkzeug - INFO - 127.0.0.1 - - [20/Aug/2025 15:27:40] "GET /api/camera-status HTTP/1.1" 200 -
2025-08-20 15:27:41,377 - camera_service - INFO - Camera opened on index 0
2025-08-20 15:27:41,547 - werkzeug - INFO - 127.0.0.1 - - [20/Aug/2025 15:27:41] "GET /api/camera-status HTTP/1.1" 200 -
2025-08-20 15:27:42,236 - werkzeug - INFO - 127.0.0.1 - - [20/Aug/2025 15:27:42] "GET /api/camera-status HTTP/1.1" 200 -
2025-08-20 15:27:43,540 - werkzeug - INFO - 127.0.0.1 - - [20/Aug/2025 15:27:43] "GET /api/camera-status HTTP/1.1" 200 -
2025-08-20 15:27:44,235 - werkzeug - INFO - 127.0.0.1 - - [20/Aug/2025 15:27:44] "GET /api/camera-status HTTP/1.1" 200 -
2025-08-20 15:27:45,546 - werkzeug - INFO - 127.0.0.1 - - [20/Aug/2025 15:27:45] "GET /api/camera-status HTTP/1.1" 200 -
2025-08-20 15:27:45,865 - root - INFO - Detected bed conf=0.51 bbox=(1, 502, 1226, 714)
2025-08-20 15:27:45,868 - root - INFO - Detected person conf=0.46 bbox=(553, 336, 947, 715)
2025-08-20 15:27:46,170 - root - INFO - Detected person conf=0.81 bbox=(317, 335, 949, 716)
2025-08-20 15:27:46,171 - root - INFO - Detected bed conf=0.51 bbox=(2, 502, 1241, 713)
2025-08-20 15:27:46,229 - werkzeug - INFO - 127.0.0.1 - - [20/Aug/2025 15:27:46] "GET /api/camera-status HTTP/1.1" 200 -
2025-08-20 15:27:46,369 - root - INFO - Detected person conf=0.79 bbox=(315, 330, 953, 716)
2025-08-20 15:27:46,369 - root - INFO - Detected bed conf=0.51 bbox=(1, 499, 1265, 714)
2025-08-20 15:27:46,536 - root - INFO - Detected person conf=0.80 bbox=(314, 329, 954, 715)
2025-08-20 15:27:46,538 - root - INFO - Detected bed conf=0.49 bbox=(0, 498, 1258, 712)
2025-08-20 15:27:46,717 - root - INFO - Detected person conf=0.80 bbox=(311, 329, 953, 715)
2025-08-20 15:27:46,718 - root - INFO - Detected bed conf=0.49 bbox=(0, 497, 1262, 714)
2025-08-20 15:27:46,920 - root - INFO - Detected person conf=0.80 bbox=(308, 328, 955, 715)
2025-08-20 15:27:46,922 - root - INFO - Detected bed conf=0.47 bbox=(0, 497, 1257, 713)
2025-08-20 15:27:47,112 - root - INFO - Detected person conf=0.77 bbox=(315, 330, 951, 716)
2025-08-20 15:27:47,113 - root - INFO - Detected bed conf=0.49 bbox=(0, 500, 1254, 714)
2025-08-20 15:27:47,301 - root - INFO - Detected person conf=0.75 bbox=(325, 331, 953, 716)
2025-08-20 15:27:47,302 - root - INFO - Detected bed conf=0.47 bbox=(0, 500, 1260, 714)
2025-08-20 15:27:47,497 - root - INFO - Detected person conf=0.76 bbox=(326, 333, 949, 717)
2025-08-20 15:27:47,498 - root - INFO - Detected bed conf=0.51 bbox=(2, 500, 1212, 716)
2025-08-20 15:27:47,538 - werkzeug - INFO - 127.0.0.1 - - [20/Aug/2025 15:27:47] "GET /api/camera-status HTTP/1.1" 200 -
2025-08-20 15:27:47,698 - root - INFO - Detected person conf=0.75 bbox=(318, 334, 955, 716)
2025-08-20 15:27:47,699 - root - INFO - Detected bed conf=0.50 bbox=(1, 502, 1222, 716)
2025-08-20 15:27:47,883 - root - INFO - Detected person conf=0.76 bbox=(321, 335, 951, 717)
2025-08-20 15:27:47,884 - root - INFO - Detected bed conf=0.58 bbox=(1, 506, 1255, 714)
2025-08-20 15:27:48,062 - root - INFO - Detected person conf=0.72 bbox=(317, 338, 952, 716)
2025-08-20 15:27:48,063 - root - INFO - Detected bed conf=0.54 bbox=(1, 507, 1255, 713)
2025-08-20 15:27:48,222 - werkzeug - INFO - 127.0.0.1 - - [20/Aug/2025 15:27:48] "GET /api/camera-status HTTP/1.1" 200 -
2025-08-20 15:27:48,242 - root - INFO - Detected person conf=0.74 bbox=(325, 337, 948, 716)
2025-08-20 15:27:48,243 - root - INFO - Detected bed conf=0.50 bbox=(0, 506, 1261, 714)
2025-08-20 15:27:48,408 - root - INFO - Detected person conf=0.75 bbox=(320, 336, 951, 717)
2025-08-20 15:27:48,409 - root - INFO - Detected bed conf=0.49 bbox=(1, 505, 1261, 713)
2025-08-20 15:27:48,584 - root - INFO - Detected person conf=0.77 bbox=(315, 335, 951, 718)
2025-08-20 15:27:48,585 - root - INFO - Detected bed conf=0.53 bbox=(2, 505, 1254, 714)
2025-08-20 15:27:48,757 - root - INFO - Detected person conf=0.77 bbox=(310, 333, 954, 719)
2025-08-20 15:27:48,758 - root - INFO - Detected bed conf=0.49 bbox=(3, 504, 1254, 715)
2025-08-20 15:27:48,935 - root - INFO - Detected person conf=0.79 bbox=(305, 332, 951, 717)
2025-08-20 15:27:48,936 - root - INFO - Detected bed conf=0.50 bbox=(4, 503, 1242, 714)
2025-08-20 15:27:49,104 - root - INFO - Detected person conf=0.74 bbox=(308, 330, 954, 716)
2025-08-20 15:27:49,105 - root - INFO - Detected bed conf=0.46 bbox=(2, 500, 1263, 714)
2025-08-20 15:27:49,265 - root - INFO - Detected person conf=0.77 bbox=(308, 330, 957, 717)
2025-08-20 15:27:49,266 - root - INFO - Detected bed conf=0.49 bbox=(1, 501, 1260, 716)
2025-08-20 15:27:49,446 - root - INFO - Detected person conf=0.79 bbox=(305, 330, 952, 717)
2025-08-20 15:27:49,446 - root - INFO - Detected bed conf=0.45 bbox=(0, 498, 1262, 715)
2025-08-20 15:27:49,545 - werkzeug - INFO - 127.0.0.1 - - [20/Aug/2025 15:27:49] "GET /api/camera-status HTTP/1.1" 200 -
2025-08-20 15:27:49,606 - root - INFO - Detected person conf=0.81 bbox=(306, 329, 963, 717)
2025-08-20 15:27:49,607 - root - INFO - Detected bed conf=0.42 bbox=(0, 498, 1257, 716)
2025-08-20 15:27:49,784 - root - INFO - Detected person conf=0.80 bbox=(308, 329, 963, 717)
2025-08-20 15:27:49,785 - root - INFO - Detected bed conf=0.45 bbox=(1, 496, 1265, 711)
2025-08-20 15:27:49,960 - root - INFO - Detected person conf=0.83 bbox=(306, 329, 959, 717)
2025-08-20 15:27:49,961 - root - INFO - Detected bed conf=0.46 bbox=(0, 497, 1259, 716)
2025-08-20 15:27:50,132 - root - INFO - Detected person conf=0.82 bbox=(308, 329, 960, 717)
2025-08-20 15:27:50,133 - root - INFO - Detected bed conf=0.45 bbox=(0, 497, 1261, 716)
2025-08-20 15:27:50,221 - werkzeug - INFO - 127.0.0.1 - - [20/Aug/2025 15:27:50] "GET /api/camera-status HTTP/1.1" 200 -
2025-08-20 15:27:50,295 - root - INFO - Detected person conf=0.82 bbox=(308, 329, 957, 718)
2025-08-20 15:27:50,296 - root - INFO - Detected bed conf=0.46 bbox=(1, 498, 1262, 715)
2025-08-20 15:27:50,475 - root - INFO - Detected person conf=0.80 bbox=(315, 330, 955, 717)
2025-08-20 15:27:50,476 - root - INFO - Detected bed conf=0.46 bbox=(2, 501, 1261, 714)
2025-08-20 15:27:50,651 - root - INFO - Detected person conf=0.79 bbox=(316, 331, 955, 717)
2025-08-20 15:27:50,652 - root - INFO - Detected bed conf=0.50 bbox=(3, 502, 1258, 714)
2025-08-20 15:27:50,827 - root - INFO - Detected person conf=0.77 bbox=(317, 333, 955, 717)
2025-08-20 15:27:50,828 - root - INFO - Detected bed conf=0.52 bbox=(2, 499, 1204, 718)
2025-08-20 15:27:51,008 - root - INFO - Detected person conf=0.77 bbox=(316, 335, 954, 718)
2025-08-20 15:27:51,008 - root - INFO - Detected bed conf=0.53 bbox=(1, 505, 1263, 715)
2025-08-20 15:27:51,172 - root - INFO - Detected person conf=0.77 bbox=(312, 335, 949, 718)
2025-08-20 15:27:51,173 - root - INFO - Detected bed conf=0.51 bbox=(1, 505, 1264, 715)
2025-08-20 15:27:51,352 - root - INFO - Detected person conf=0.75 bbox=(312, 336, 949, 717)
2025-08-20 15:27:51,352 - root - INFO - Detected bed conf=0.55 bbox=(1, 506, 1264, 715)
2025-08-20 15:27:51,521 - root - INFO - Detected person conf=0.79 bbox=(313, 335, 950, 718)
2025-08-20 15:27:51,521 - root - INFO - Detected bed conf=0.51 bbox=(1, 501, 1210, 718)
2025-08-20 15:27:51,537 - werkzeug - INFO - 127.0.0.1 - - [20/Aug/2025 15:27:51] "GET /api/camera-status HTTP/1.1" 200 -
2025-08-20 15:27:51,688 - root - INFO - Detected person conf=0.79 bbox=(318, 333, 951, 717)
2025-08-20 15:27:51,689 - root - INFO - Detected bed conf=0.49 bbox=(2, 500, 1199, 718)
2025-08-20 15:27:51,866 - root - INFO - Detected person conf=0.79 bbox=(315, 333, 950, 719)
2025-08-20 15:27:51,867 - root - INFO - Detected bed conf=0.52 bbox=(2, 499, 1167, 719)
2025-08-20 15:27:52,043 - root - INFO - Detected person conf=0.80 bbox=(311, 331, 954, 718)
2025-08-20 15:27:52,043 - root - INFO - Detected bed conf=0.53 bbox=(2, 502, 1255, 716)
2025-08-20 15:27:52,225 - werkzeug - INFO - 127.0.0.1 - - [20/Aug/2025 15:27:52] "GET /api/camera-status HTTP/1.1" 200 -
2025-08-20 15:27:52,227 - root - INFO - Detected person conf=0.82 bbox=(308, 330, 955, 717)
2025-08-20 15:27:52,228 - root - INFO - Detected bed conf=0.51 bbox=(3, 501, 1255, 716)
2025-08-20 15:27:52,398 - root - INFO - Detected person conf=0.81 bbox=(312, 331, 954, 717)
2025-08-20 15:27:52,398 - root - INFO - Detected bed conf=0.49 bbox=(1, 501, 1260, 715)
2025-08-20 15:27:52,577 - root - INFO - Detected person conf=0.82 bbox=(312, 330, 953, 717)
2025-08-20 15:27:52,577 - root - INFO - Detected bed conf=0.50 bbox=(3, 500, 1252, 715)
2025-08-20 15:27:52,747 - root - INFO - Detected person conf=0.80 bbox=(314, 330, 953, 716)
2025-08-20 15:27:52,748 - root - INFO - Detected bed conf=0.50 bbox=(3, 501, 1253, 715)
2025-08-20 15:27:52,909 - root - INFO - Detected person conf=0.81 bbox=(306, 330, 954, 717)
2025-08-20 15:27:52,909 - root - INFO - Detected bed conf=0.51 bbox=(2, 500, 1260, 716)
2025-08-20 15:27:53,085 - root - INFO - Detected person conf=0.82 bbox=(307, 329, 960, 717)
2025-08-20 15:27:53,086 - root - INFO - Detected bed conf=0.49 bbox=(3, 499, 1259, 716)
2025-08-20 15:27:53,271 - root - INFO - Detected person conf=0.82 bbox=(310, 329, 956, 717)
2025-08-20 15:27:53,272 - root - INFO - Detected bed conf=0.46 bbox=(2, 499, 1260, 715)
2025-08-20 15:27:53,435 - root - INFO - Detected person conf=0.82 bbox=(308, 328, 954, 717)
2025-08-20 15:27:53,435 - root - INFO - Detected bed conf=0.49 bbox=(2, 500, 1256, 715)
2025-08-20 15:27:53,533 - werkzeug - INFO - 127.0.0.1 - - [20/Aug/2025 15:27:53] "GET /api/camera-status HTTP/1.1" 200 -
2025-08-20 15:27:53,618 - root - INFO - Detected person conf=0.79 bbox=(312, 329, 954, 716)
2025-08-20 15:27:53,619 - root - INFO - Detected bed conf=0.52 bbox=(1, 501, 1265, 715)
2025-08-20 15:27:53,812 - root - INFO - Detected person conf=0.82 bbox=(313, 330, 953, 716)
2025-08-20 15:27:53,812 - root - INFO - Detected bed conf=0.49 bbox=(3, 501, 1257, 714)
2025-08-20 15:27:54,000 - root - INFO - Detected person conf=0.78 bbox=(318, 331, 954, 716)
2025-08-20 15:27:54,001 - root - INFO - Detected bed conf=0.48 bbox=(2, 502, 1257, 714)
2025-08-20 15:27:54,185 - root - INFO - Detected person conf=0.76 bbox=(317, 332, 953, 717)
2025-08-20 15:27:54,186 - root - INFO - Detected bed conf=0.48 bbox=(2, 502, 1259, 714)
2025-08-20 15:27:54,223 - werkzeug - INFO - 127.0.0.1 - - [20/Aug/2025 15:27:54] "GET /api/camera-status HTTP/1.1" 200 -
2025-08-20 15:27:54,362 - root - INFO - Detected person conf=0.77 bbox=(314, 333, 954, 718)
2025-08-20 15:27:54,363 - root - INFO - Detected bed conf=0.50 bbox=(2, 504, 1262, 715)
2025-08-20 15:27:54,549 - root - INFO - Detected person conf=0.77 bbox=(314, 334, 953, 719)
2025-08-20 15:27:54,550 - root - INFO - Detected bed conf=0.49 bbox=(1, 504, 1262, 716)
2025-08-20 15:27:54,728 - root - INFO - Detected person conf=0.78 bbox=(313, 334, 955, 718)
2025-08-20 15:27:54,729 - root - INFO - Detected bed conf=0.51 bbox=(1, 504, 1261, 716)
2025-08-20 15:27:54,902 - root - INFO - Detected person conf=0.79 bbox=(315, 334, 952, 718)
2025-08-20 15:27:54,903 - root - INFO - Detected bed conf=0.52 bbox=(2, 504, 1263, 716)
2025-08-20 15:27:55,080 - root - INFO - Detected person conf=0.79 bbox=(312, 333, 953, 718)
2025-08-20 15:27:55,080 - root - INFO - Detected bed conf=0.52 bbox=(1, 501, 1212, 718)
2025-08-20 15:27:55,244 - root - INFO - Detected person conf=0.79 bbox=(314, 332, 953, 718)
2025-08-20 15:27:55,245 - root - INFO - Detected bed conf=0.50 bbox=(2, 502, 1263, 715)
2025-08-20 15:27:55,416 - root - INFO - Detected person conf=0.78 bbox=(314, 331, 952, 718)
2025-08-20 15:27:55,417 - root - INFO - Detected bed conf=0.51 bbox=(2, 496, 1212, 719)
2025-08-20 15:27:55,540 - werkzeug - INFO - 127.0.0.1 - - [20/Aug/2025 15:27:55] "GET /api/camera-status HTTP/1.1" 200 -
2025-08-20 15:27:55,584 - root - INFO - Detected person conf=0.80 bbox=(315, 330, 953, 717)
2025-08-20 15:27:55,585 - root - INFO - Detected bed conf=0.52 bbox=(3, 500, 1248, 715)
2025-08-20 15:27:55,772 - root - INFO - Detected person conf=0.80 bbox=(315, 330, 952, 717)
2025-08-20 15:27:55,772 - root - INFO - Detected bed conf=0.52 bbox=(3, 500, 1254, 715)
2025-08-20 15:27:55,958 - root - INFO - Detected person conf=0.81 bbox=(310, 329, 953, 717)
2025-08-20 15:27:55,959 - root - INFO - Detected bed conf=0.53 bbox=(3, 499, 1257, 715)
2025-08-20 15:27:56,126 - root - INFO - Detected person conf=0.80 bbox=(314, 329, 952, 717)
2025-08-20 15:27:56,127 - root - INFO - Detected bed conf=0.51 bbox=(3, 498, 1256, 715)
2025-08-20 15:27:56,223 - werkzeug - INFO - 127.0.0.1 - - [20/Aug/2025 15:27:56] "GET /api/camera-status HTTP/1.1" 200 -
2025-08-20 15:27:56,305 - root - INFO - Detected person conf=0.80 bbox=(316, 328, 953, 716)
2025-08-20 15:27:56,306 - root - INFO - Detected bed conf=0.55 bbox=(2, 496, 1219, 718)
2025-08-20 15:27:56,487 - root - INFO - Detected person conf=0.78 bbox=(317, 328, 952, 716)
2025-08-20 15:27:56,488 - root - INFO - Detected bed conf=0.55 bbox=(2, 495, 1218, 718)
2025-08-20 15:27:56,657 - root - INFO - Detected person conf=0.74 bbox=(321, 329, 955, 716)
2025-08-20 15:27:56,658 - root - INFO - Detected bed conf=0.49 bbox=(2, 501, 1266, 714)
2025-08-20 15:27:56,838 - root - INFO - Detected person conf=0.77 bbox=(320, 329, 956, 716)
2025-08-20 15:27:56,839 - root - INFO - Detected bed conf=0.49 bbox=(2, 497, 1218, 717)
2025-08-20 15:27:57,023 - root - INFO - Detected person conf=0.77 bbox=(311, 332, 956, 717)
2025-08-20 15:27:57,023 - root - INFO - Detected bed conf=0.50 bbox=(1, 503, 1266, 715)
2025-08-20 15:27:57,204 - root - INFO - Detected person conf=0.75 bbox=(310, 334, 960, 719)
2025-08-20 15:27:57,205 - root - INFO - Detected bed conf=0.48 bbox=(1, 505, 1264, 715)
2025-08-20 15:27:57,386 - root - INFO - Detected person conf=0.73 bbox=(310, 335, 957, 718)
2025-08-20 15:27:57,387 - root - INFO - Detected bed conf=0.49 bbox=(2, 500, 1231, 718)
2025-08-20 15:27:57,387 - root - INFO - Detected chair conf=0.41 bbox=(798, 463, 1034, 585)
2025-08-20 15:27:57,543 - werkzeug - INFO - 127.0.0.1 - - [20/Aug/2025 15:27:57] "GET /api/camera-status HTTP/1.1" 200 -
2025-08-20 15:27:57,574 - root - INFO - Detected person conf=0.73 bbox=(313, 335, 955, 718)
2025-08-20 15:27:57,575 - root - INFO - Detected bed conf=0.53 bbox=(0, 506, 1265, 715)
2025-08-20 15:27:57,576 - root - INFO - Detected chair conf=0.40 bbox=(798, 464, 1034, 586)
2025-08-20 15:27:57,761 - root - INFO - Detected person conf=0.74 bbox=(310, 336, 956, 719)
2025-08-20 15:27:57,762 - root - INFO - Detected bed conf=0.53 bbox=(1, 506, 1263, 715)
2025-08-20 15:27:57,942 - root - INFO - Detected person conf=0.73 bbox=(315, 336, 956, 720)
2025-08-20 15:27:57,943 - root - INFO - Detected bed conf=0.48 bbox=(1, 501, 1222, 719)
2025-08-20 15:27:58,127 - root - INFO - Detected person conf=0.78 bbox=(314, 332, 954, 719)
2025-08-20 15:27:58,128 - root - INFO - Detected bed conf=0.50 bbox=(1, 504, 1265, 715)
2025-08-20 15:27:58,227 - werkzeug - INFO - 127.0.0.1 - - [20/Aug/2025 15:27:58] "GET /api/camera-status HTTP/1.1" 200 -
2025-08-20 15:27:58,326 - root - INFO - Detected person conf=0.78 bbox=(317, 332, 956, 718)
2025-08-20 15:27:58,327 - root - INFO - Detected bed conf=0.51 bbox=(2, 504, 1261, 715)
2025-08-20 15:27:58,563 - root - INFO - Detected person conf=0.78 bbox=(314, 331, 954, 717)
2025-08-20 15:27:58,564 - root - INFO - Detected bed conf=0.49 bbox=(2, 502, 1261, 716)
2025-08-20 15:27:58,732 - root - INFO - Detected person conf=0.80 bbox=(314, 331, 953, 717)
2025-08-20 15:27:58,733 - root - INFO - Detected bed conf=0.50 bbox=(3, 500, 1256, 715)
2025-08-20 15:27:58,901 - root - INFO - Detected person conf=0.80 bbox=(311, 329, 952, 716)
2025-08-20 15:27:58,901 - root - INFO - Detected bed conf=0.53 bbox=(3, 499, 1259, 716)
2025-08-20 15:27:59,064 - root - INFO - Detected person conf=0.77 bbox=(317, 329, 953, 716)
2025-08-20 15:27:59,065 - root - INFO - Detected bed conf=0.52 bbox=(2, 496, 1222, 718)
2025-08-20 15:27:59,244 - root - INFO - Detected person conf=0.78 bbox=(315, 329, 953, 716)
2025-08-20 15:27:59,245 - root - INFO - Detected bed conf=0.50 bbox=(2, 497, 1213, 717)
2025-08-20 15:27:59,419 - root - INFO - Detected person conf=0.79 bbox=(313, 328, 956, 717)
2025-08-20 15:27:59,420 - root - INFO - Detected bed conf=0.49 bbox=(3, 498, 1260, 715)
2025-08-20 15:27:59,531 - werkzeug - INFO - 127.0.0.1 - - [20/Aug/2025 15:27:59] "GET /api/camera-status HTTP/1.1" 200 -
2025-08-20 15:27:59,599 - root - INFO - Detected person conf=0.77 bbox=(321, 330, 955, 717)
2025-08-20 15:27:59,599 - root - INFO - Detected bed conf=0.48 bbox=(2, 500, 1265, 714)
2025-08-20 15:27:59,776 - root - INFO - Detected person conf=0.76 bbox=(313, 329, 950, 717)
2025-08-20 15:27:59,777 - root - INFO - Detected bed conf=0.49 bbox=(3, 498, 1264, 715)
2025-08-20 15:27:59,967 - root - INFO - Detected person conf=0.79 bbox=(308, 333, 952, 718)
2025-08-20 15:27:59,974 - root - INFO - Detected bed conf=0.46 bbox=(2, 497, 1206, 718)
2025-08-20 15:28:00,145 - root - INFO - Detected person conf=0.78 bbox=(317, 333, 954, 719)
2025-08-20 15:28:00,146 - root - INFO - Detected bed conf=0.46 bbox=(3, 503, 1257, 714)
2025-08-20 15:28:00,230 - werkzeug - INFO - 127.0.0.1 - - [20/Aug/2025 15:28:00] "GET /api/camera-status HTTP/1.1" 200 -
2025-08-20 15:28:00,327 - root - INFO - Detected person conf=0.76 bbox=(319, 336, 954, 719)
2025-08-20 15:28:00,328 - root - INFO - Detected bed conf=0.51 bbox=(1, 500, 1217, 718)
2025-08-20 15:28:00,493 - root - INFO - Detected person conf=0.73 bbox=(314, 337, 950, 718)
2025-08-20 15:28:00,493 - root - INFO - Detected bed conf=0.51 bbox=(1, 502, 1226, 718)
2025-08-20 15:28:00,661 - root - INFO - Detected person conf=0.76 bbox=(311, 336, 948, 718)
2025-08-20 15:28:00,662 - root - INFO - Detected bed conf=0.52 bbox=(1, 502, 1217, 718)
2025-08-20 15:28:00,825 - root - INFO - Detected person conf=0.75 bbox=(314, 336, 949, 719)
2025-08-20 15:28:00,826 - root - INFO - Detected bed conf=0.50 bbox=(2, 506, 1264, 714)
2025-08-20 15:28:01,001 - root - INFO - Detected person conf=0.75 bbox=(320, 333, 955, 719)
2025-08-20 15:28:01,003 - root - INFO - Detected bed conf=0.53 bbox=(1, 501, 1220, 718)
2025-08-20 15:28:01,167 - root - INFO - Detected person conf=0.75 bbox=(324, 333, 953, 718)
2025-08-20 15:28:01,168 - root - INFO - Detected bed conf=0.54 bbox=(1, 500, 1226, 718)
2025-08-20 15:28:01,362 - root - INFO - Detected person conf=0.77 bbox=(321, 332, 953, 718)
2025-08-20 15:28:01,363 - root - INFO - Detected bed conf=0.51 bbox=(2, 503, 1259, 715)
2025-08-20 15:28:01,533 - werkzeug - INFO - 127.0.0.1 - - [20/Aug/2025 15:28:01] "GET /api/camera-status HTTP/1.1" 200 -
2025-08-20 15:28:01,546 - root - INFO - Detected person conf=0.78 bbox=(312, 331, 953, 717)
2025-08-20 15:28:01,546 - root - INFO - Detected bed conf=0.52 bbox=(2, 497, 1206, 718)
2025-08-20 15:28:01,718 - root - INFO - Detected person conf=0.81 bbox=(318, 330, 954, 716)
2025-08-20 15:28:01,719 - root - INFO - Detected bed conf=0.48 bbox=(3, 498, 1257, 715)
2025-08-20 15:28:01,904 - root - INFO - Detected person conf=0.79 bbox=(315, 330, 961, 717)
2025-08-20 15:28:01,905 - root - INFO - Detected bed conf=0.51 bbox=(3, 500, 1257, 715)
2025-08-20 15:28:02,083 - root - INFO - Detected person conf=0.76 bbox=(319, 330, 958, 717)
2025-08-20 15:28:02,084 - root - INFO - Detected bed conf=0.50 bbox=(2, 496, 1208, 718)
2025-08-20 15:28:02,236 - werkzeug - INFO - 127.0.0.1 - - [20/Aug/2025 15:28:02] "GET /api/camera-status HTTP/1.1" 200 -
2025-08-20 15:28:02,268 - root - INFO - Detected person conf=0.78 bbox=(313, 329, 961, 717)
2025-08-20 15:28:02,268 - root - INFO - Detected bed conf=0.51 bbox=(2, 499, 1260, 715)
2025-08-20 15:28:02,444 - root - INFO - Detected person conf=0.67 bbox=(319, 329, 966, 716)
2025-08-20 15:28:02,445 - root - INFO - Detected bed conf=0.50 bbox=(1, 495, 1202, 719)
2025-08-20 15:28:02,608 - root - INFO - Detected person conf=0.82 bbox=(312, 319, 994, 718)
2025-08-20 15:28:02,609 - root - INFO - Detected bed conf=0.50 bbox=(1, 499, 1251, 714)
2025-08-20 15:28:02,610 - root - INFO - Detected chair conf=0.50 bbox=(826, 459, 1036, 577)
2025-08-20 15:28:02,770 - root - INFO - Detected person conf=0.85 bbox=(312, 314, 994, 718)
2025-08-20 15:28:02,771 - root - INFO - Detected bed conf=0.53 bbox=(0, 500, 1261, 714)
2025-08-20 15:28:02,771 - root - INFO - Detected chair conf=0.44 bbox=(843, 459, 1035, 579)
2025-08-20 15:28:02,955 - root - INFO - Detected person conf=0.82 bbox=(309, 315, 997, 718)
2025-08-20 15:28:02,956 - root - INFO - Detected bed conf=0.49 bbox=(2, 498, 1213, 717)
2025-08-20 15:28:03,131 - root - INFO - Detected person conf=0.85 bbox=(304, 318, 975, 716)
2025-08-20 15:28:03,131 - root - INFO - Detected bed conf=0.48 bbox=(3, 499, 1224, 717)
2025-08-20 15:28:03,297 - root - INFO - Detected person conf=0.82 bbox=(306, 320, 973, 717)
2025-08-20 15:28:03,298 - root - INFO - Detected bed conf=0.52 bbox=(2, 502, 1186, 715)
2025-08-20 15:28:03,451 - werkzeug - INFO - 127.0.0.1 - - [20/Aug/2025 15:28:03] "GET /api/camera-status HTTP/1.1" 200 -
2025-08-20 15:28:03,496 - root - INFO - Detected person conf=0.79 bbox=(314, 320, 976, 718)
2025-08-20 15:28:03,497 - root - INFO - Detected bed conf=0.52 bbox=(2, 503, 1224, 713)
2025-08-20 15:28:03,667 - root - INFO - Detected person conf=0.82 bbox=(313, 319, 982, 718)
2025-08-20 15:28:03,668 - root - INFO - Detected bed conf=0.52 bbox=(2, 500, 1216, 715)
2025-08-20 15:28:03,835 - root - INFO - Detected person conf=0.84 bbox=(312, 317, 975, 717)
2025-08-20 15:28:03,835 - root - INFO - Detected bed conf=0.48 bbox=(1, 502, 1234, 713)
2025-08-20 15:28:04,010 - root - INFO - Detected person conf=0.84 bbox=(316, 316, 974, 718)
2025-08-20 15:28:04,011 - root - INFO - Detected bed conf=0.48 bbox=(2, 500, 1241, 713)
2025-08-20 15:28:04,203 - root - INFO - Detected person conf=0.82 bbox=(314, 315, 974, 717)
2025-08-20 15:28:04,204 - root - INFO - Detected bed conf=0.53 bbox=(3, 499, 1226, 713)
2025-08-20 15:28:04,226 - werkzeug - INFO - 127.0.0.1 - - [20/Aug/2025 15:28:04] "GET /api/camera-status HTTP/1.1" 200 -
2025-08-20 15:28:04,390 - root - INFO - Detected person conf=0.85 bbox=(321, 316, 973, 716)
2025-08-20 15:28:04,391 - root - INFO - Detected bed conf=0.53 bbox=(2, 494, 1146, 716)
2025-08-20 15:28:04,577 - root - INFO - Detected person conf=0.85 bbox=(324, 320, 972, 716)
2025-08-20 15:28:04,578 - root - INFO - Detected bed conf=0.47 bbox=(2, 495, 1205, 716)
2025-08-20 15:28:04,763 - root - INFO - Detected person conf=0.73 bbox=(321, 324, 967, 715)
2025-08-20 15:28:04,764 - root - INFO - Detected bed conf=0.48 bbox=(3, 493, 1238, 716)
2025-08-20 15:28:04,765 - root - INFO - Detected chair conf=0.43 bbox=(819, 458, 1035, 578)
2025-08-20 15:28:04,935 - root - INFO - Detected person conf=0.70 bbox=(327, 331, 965, 716)
2025-08-20 15:28:04,935 - root - INFO - Detected bed conf=0.47 bbox=(3, 494, 1240, 716)
2025-08-20 15:28:05,109 - root - INFO - Detected person conf=0.73 bbox=(319, 330, 963, 716)
2025-08-20 15:28:05,110 - root - INFO - Detected bed conf=0.45 bbox=(2, 495, 1241, 717)
2025-08-20 15:28:05,309 - root - INFO - Detected person conf=0.74 bbox=(320, 328, 968, 715)
2025-08-20 15:28:05,309 - root - INFO - Detected bed conf=0.48 bbox=(2, 493, 1210, 716)
2025-08-20 15:28:05,494 - root - INFO - Detected person conf=0.72 bbox=(320, 330, 966, 716)
2025-08-20 15:28:05,494 - root - INFO - Detected bed conf=0.49 bbox=(2, 500, 1253, 714)
2025-08-20 15:28:05,546 - werkzeug - INFO - 127.0.0.1 - - [20/Aug/2025 15:28:05] "GET /api/camera-status HTTP/1.1" 200 -
2025-08-20 15:28:05,688 - root - INFO - Detected person conf=0.78 bbox=(306, 331, 977, 716)
2025-08-20 15:28:05,688 - root - INFO - Detected bed conf=0.44 bbox=(1, 502, 1250, 714)
2025-08-20 15:28:05,885 - root - INFO - Detected person conf=0.83 bbox=(304, 334, 973, 717)
2025-08-20 15:28:05,886 - root - INFO - Detected bed conf=0.52 bbox=(1, 505, 1254, 715)
2025-08-20 15:28:06,072 - root - INFO - Detected person conf=0.79 bbox=(304, 336, 969, 716)
2025-08-20 15:28:06,073 - root - INFO - Detected bed conf=0.55 bbox=(3, 506, 1247, 714)
2025-08-20 15:28:06,244 - root - INFO - Detected person conf=0.68 bbox=(314, 337, 963, 717)
2025-08-20 15:28:06,245 - root - INFO - Detected bed conf=0.52 bbox=(2, 508, 1257, 713)
2025-08-20 15:28:06,421 - root - INFO - Detected person conf=0.73 bbox=(310, 336, 961, 716)
2025-08-20 15:28:06,422 - root - INFO - Detected bed conf=0.52 bbox=(2, 503, 1218, 716)
2025-08-20 15:28:06,551 - werkzeug - INFO - 127.0.0.1 - - [20/Aug/2025 15:28:06] "GET /api/camera-status HTTP/1.1" 200 -
2025-08-20 15:28:06,610 - root - INFO - Detected person conf=0.78 bbox=(313, 334, 966, 717)
2025-08-20 15:28:06,611 - root - INFO - Detected bed conf=0.52 bbox=(1, 501, 1227, 717)
2025-08-20 15:28:06,795 - root - INFO - Detected person conf=0.77 bbox=(313, 334, 960, 718)
2025-08-20 15:28:06,798 - root - INFO - Detected bed conf=0.51 bbox=(1, 501, 1224, 717)
2025-08-20 15:28:06,981 - root - INFO - Detected person conf=0.76 bbox=(315, 331, 968, 717)
2025-08-20 15:28:06,982 - root - INFO - Detected bed conf=0.48 bbox=(1, 499, 1226, 717)
2025-08-20 15:28:07,155 - root - INFO - Detected person conf=0.82 bbox=(312, 329, 968, 718)
2025-08-20 15:28:07,156 - root - INFO - Detected bed conf=0.51 bbox=(2, 501, 1240, 716)
2025-08-20 15:28:07,330 - root - INFO - Detected person conf=0.76 bbox=(314, 330, 968, 717)
2025-08-20 15:28:07,330 - root - INFO - Detected bed conf=0.49 bbox=(3, 500, 1252, 715)
2025-08-20 15:28:07,503 - root - INFO - Detected person conf=0.74 bbox=(319, 329, 969, 716)
2025-08-20 15:28:07,504 - root - INFO - Detected bed conf=0.48 bbox=(3, 500, 1254, 715)
2025-08-20 15:28:07,531 - werkzeug - INFO - 127.0.0.1 - - [20/Aug/2025 15:28:07] "GET /api/camera-status HTTP/1.1" 200 -
2025-08-20 15:28:07,694 - root - INFO - Detected person conf=0.73 bbox=(317, 328, 973, 716)
2025-08-20 15:28:07,695 - root - INFO - Detected bed conf=0.50 bbox=(2, 497, 1252, 716)
2025-08-20 15:28:07,885 - root - INFO - Detected person conf=0.80 bbox=(316, 327, 973, 716)
2025-08-20 15:28:07,886 - root - INFO - Detected bed conf=0.47 bbox=(2, 497, 1249, 716)
2025-08-20 15:28:08,071 - root - INFO - Detected person conf=0.77 bbox=(320, 328, 972, 716)
2025-08-20 15:28:08,072 - root - INFO - Detected bed conf=0.46 bbox=(1, 498, 1252, 715)
2025-08-20 15:28:08,269 - root - INFO - Detected person conf=0.76 bbox=(317, 329, 969, 715)
2025-08-20 15:28:08,270 - root - INFO - Detected bed conf=0.44 bbox=(2, 496, 1227, 716)
2025-08-20 15:28:08,473 - root - INFO - Detected person conf=0.77 bbox=(318, 331, 966, 717)
2025-08-20 15:28:08,474 - root - INFO - Detected bed conf=0.43 bbox=(0, 503, 1260, 714)
2025-08-20 15:28:08,554 - werkzeug - INFO - 127.0.0.1 - - [20/Aug/2025 15:28:08] "GET /api/camera-status HTTP/1.1" 200 -
2025-08-20 15:28:08,658 - root - INFO - Detected person conf=0.76 bbox=(312, 334, 965, 718)
2025-08-20 15:28:08,659 - root - INFO - Detected bed conf=0.47 bbox=(0, 505, 1260, 715)
2025-08-20 15:28:08,845 - root - INFO - Detected person conf=0.76 bbox=(312, 338, 965, 718)
2025-08-20 15:28:08,846 - root - INFO - Detected bed conf=0.48 bbox=(0, 506, 1264, 715)
2025-08-20 15:28:09,017 - root - INFO - Detected person conf=0.69 bbox=(321, 341, 964, 718)
2025-08-20 15:28:09,018 - root - INFO - Detected bed conf=0.55 bbox=(1, 508, 1255, 714)
2025-08-20 15:28:09,186 - root - INFO - Detected person conf=0.75 bbox=(315, 339, 963, 718)
2025-08-20 15:28:09,187 - root - INFO - Detected bed conf=0.56 bbox=(2, 508, 1255, 714)
2025-08-20 15:28:09,379 - root - INFO - Detected person conf=0.71 bbox=(318, 338, 964, 719)
2025-08-20 15:28:09,381 - root - INFO - Detected bed conf=0.53 bbox=(1, 502, 1229, 718)
2025-08-20 15:28:09,529 - werkzeug - INFO - 127.0.0.1 - - [20/Aug/2025 15:28:09] "GET /api/camera-status HTTP/1.1" 200 -
2025-08-20 15:28:09,575 - root - INFO - Detected person conf=0.77 bbox=(322, 335, 965, 718)
2025-08-20 15:28:09,576 - root - INFO - Detected bed conf=0.50 bbox=(0, 501, 1211, 717)
2025-08-20 15:28:09,757 - root - INFO - Detected person conf=0.80 bbox=(315, 332, 966, 717)
2025-08-20 15:28:09,757 - root - INFO - Detected bed conf=0.48 bbox=(0, 504, 1260, 716)
2025-08-20 15:28:09,869 - line_control - WARNING - Assembly line STOP triggered by gesture (fist)
2025-08-20 15:28:09,870 - alarm - INFO - Alarm triggered
2025-08-20 15:28:09,872 - camera_service - INFO - Emergency stop triggered by fist gesture
2025-08-20 15:28:09,960 - root - INFO - Detected person conf=0.82 bbox=(318, 331, 966, 717)
2025-08-20 15:28:09,961 - root - INFO - Detected bed conf=0.46 bbox=(1, 502, 1247, 715)
2025-08-20 15:28:10,147 - root - INFO - Detected person conf=0.79 bbox=(312, 330, 968, 717)
2025-08-20 15:28:10,148 - root - INFO - Detected bed conf=0.47 bbox=(1, 502, 1257, 716)
2025-08-20 15:28:10,345 - root - INFO - Detected person conf=0.81 bbox=(312, 330, 970, 717)
2025-08-20 15:28:10,346 - root - INFO - Detected bed conf=0.47 bbox=(2, 497, 1229, 718)
2025-08-20 15:28:10,535 - root - INFO - Detected person conf=0.77 bbox=(323, 330, 1060, 715)
2025-08-20 15:28:10,536 - root - INFO - Detected bed conf=0.51 bbox=(2, 501, 1219, 715)
2025-08-20 15:28:10,541 - werkzeug - INFO - 127.0.0.1 - - [20/Aug/2025 15:28:10] "GET /api/camera-status HTTP/1.1" 200 -
2025-08-20 15:28:10,716 - root - INFO - Detected person conf=0.69 bbox=(320, 329, 904, 716)
2025-08-20 15:28:10,717 - root - INFO - Detected bed conf=0.48 bbox=(2, 496, 1205, 718)
2025-08-20 15:28:10,889 - root - INFO - Detected person conf=0.66 bbox=(319, 329, 906, 716)
2025-08-20 15:28:10,889 - root - INFO - Detected bed conf=0.51 bbox=(1, 496, 1186, 718)
2025-08-20 15:28:11,071 - root - INFO - Detected person conf=0.76 bbox=(313, 327, 904, 715)
2025-08-20 15:28:11,072 - root - INFO - Detected bed conf=0.56 bbox=(2, 496, 1189, 717)
2025-08-20 15:28:11,264 - root - INFO - Detected person conf=0.57 bbox=(318, 327, 901, 717)
2025-08-20 15:28:11,265 - root - INFO - Detected bed conf=0.53 bbox=(4, 496, 1212, 716)
2025-08-20 15:28:11,455 - root - INFO - Detected person conf=0.64 bbox=(317, 328, 901, 715)
2025-08-20 15:28:11,457 - root - INFO - Detected bed conf=0.50 bbox=(0, 503, 1259, 714)
2025-08-20 15:28:11,535 - werkzeug - INFO - 127.0.0.1 - - [20/Aug/2025 15:28:11] "GET /api/camera-status HTTP/1.1" 200 -
2025-08-20 15:28:11,635 - root - INFO - Detected person conf=0.55 bbox=(339, 329, 907, 716)
2025-08-20 15:28:11,636 - root - INFO - Detected bed conf=0.47 bbox=(0, 504, 1264, 713)
2025-08-20 15:28:11,814 - root - INFO - Detected person conf=0.63 bbox=(326, 328, 905, 715)
2025-08-20 15:28:11,815 - root - INFO - Detected bed conf=0.48 bbox=(2, 499, 1220, 716)
2025-08-20 15:28:12,000 - root - INFO - Detected person conf=0.61 bbox=(324, 328, 905, 715)
2025-08-20 15:28:12,001 - root - INFO - Detected bed conf=0.50 bbox=(0, 504, 1264, 715)
2025-08-20 15:28:12,181 - root - INFO - Detected person conf=0.68 bbox=(318, 325, 902, 716)
2025-08-20 15:28:12,181 - root - INFO - Detected bed conf=0.47 bbox=(3, 496, 1229, 717)
2025-08-20 15:28:12,342 - root - INFO - Detected person conf=0.63 bbox=(314, 325, 903, 716)
2025-08-20 15:28:12,343 - root - INFO - Detected bed conf=0.46 bbox=(3, 501, 1268, 711)
2025-08-20 15:28:12,506 - root - INFO - Detected person conf=0.73 bbox=(315, 321, 903, 715)
2025-08-20 15:28:12,507 - root - INFO - Detected bed conf=0.48 bbox=(3, 493, 1214, 717)
2025-08-20 15:28:12,544 - werkzeug - INFO - 127.0.0.1 - - [20/Aug/2025 15:28:12] "GET /api/camera-status HTTP/1.1" 200 -
2025-08-20 15:28:12,677 - root - INFO - Detected person conf=0.71 bbox=(309, 321, 903, 715)
2025-08-20 15:28:12,678 - root - INFO - Detected bed conf=0.51 bbox=(0, 497, 1265, 714)
2025-08-20 15:28:12,837 - root - INFO - Detected person conf=0.63 bbox=(309, 321, 905, 715)
2025-08-20 15:28:12,839 - root - INFO - Detected bed conf=0.48 bbox=(3, 492, 1214, 717)
2025-08-20 15:28:12,997 - root - INFO - Detected person conf=0.65 bbox=(308, 321, 905, 715)
2025-08-20 15:28:12,997 - root - INFO - Detected bed conf=0.47 bbox=(2, 492, 1206, 717)
2025-08-20 15:28:13,168 - root - INFO - Detected person conf=0.65 bbox=(306, 321, 903, 715)
2025-08-20 15:28:13,169 - root - INFO - Detected bed conf=0.48 bbox=(0, 497, 1268, 713)
2025-08-20 15:28:13,347 - root - INFO - Detected person conf=0.57 bbox=(306, 321, 903, 717)
2025-08-20 15:28:13,347 - root - INFO - Detected bed conf=0.49 bbox=(0, 495, 1268, 714)
2025-08-20 15:28:13,538 - werkzeug - INFO - 127.0.0.1 - - [20/Aug/2025 15:28:13] "GET /api/camera-status HTTP/1.1" 200 -
2025-08-20 15:28:13,544 - root - INFO - Detected person conf=0.71 bbox=(299, 321, 906, 715)
2025-08-20 15:28:13,544 - root - INFO - Detected bed conf=0.48 bbox=(0, 496, 1271, 714)
2025-08-20 15:28:13,722 - root - INFO - Detected person conf=0.65 bbox=(304, 321, 907, 715)
2025-08-20 15:28:13,722 - root - INFO - Detected bed conf=0.47 bbox=(3, 492, 1223, 717)
2025-08-20 15:28:13,887 - root - INFO - Detected person conf=0.74 bbox=(304, 320, 906, 714)
2025-08-20 15:28:13,887 - root - INFO - Detected bed conf=0.47 bbox=(3, 491, 1222, 716)
2025-08-20 15:28:14,047 - root - INFO - Detected person conf=0.73 bbox=(304, 321, 906, 715)
2025-08-20 15:28:14,047 - root - INFO - Detected bed conf=0.49 bbox=(0, 496, 1270, 713)
2025-08-20 15:28:14,209 - root - INFO - Detected person conf=0.69 bbox=(303, 321, 907, 715)
2025-08-20 15:28:14,211 - root - INFO - Detected bed conf=0.49 bbox=(0, 498, 1269, 713)
2025-08-20 15:28:14,399 - root - INFO - Detected person conf=0.65 bbox=(304, 322, 907, 715)
2025-08-20 15:28:14,400 - root - INFO - Detected bed conf=0.51 bbox=(0, 498, 1269, 714)
2025-08-20 15:28:14,537 - werkzeug - INFO - 127.0.0.1 - - [20/Aug/2025 15:28:14] "GET /api/camera-status HTTP/1.1" 200 -
2025-08-20 15:28:14,577 - root - INFO - Detected person conf=0.69 bbox=(304, 322, 907, 715)
2025-08-20 15:28:14,578 - root - INFO - Detected bed conf=0.49 bbox=(3, 495, 1215, 716)
2025-08-20 15:28:14,755 - root - INFO - Detected person conf=0.71 bbox=(307, 324, 906, 715)
2025-08-20 15:28:14,756 - root - INFO - Detected bed conf=0.48 bbox=(3, 497, 1214, 716)
2025-08-20 15:28:14,931 - root - INFO - Detected person conf=0.64 bbox=(314, 325, 903, 714)
2025-08-20 15:28:14,933 - root - INFO - Detected bed conf=0.50 bbox=(3, 498, 1220, 716)
2025-08-20 15:28:15,073 - werkzeug - INFO - 127.0.0.1 - - [20/Aug/2025 15:28:15] "GET /api/cameras HTTP/1.1" 200 -
2025-08-20 15:28:15,115 - root - INFO - Detected person conf=0.71 bbox=(316, 325, 901, 715)
2025-08-20 15:28:15,115 - root - INFO - Detected bed conf=0.48 bbox=(3, 498, 1220, 716)
2025-08-20 15:28:15,285 - root - INFO - Detected person conf=0.69 bbox=(312, 325, 901, 714)
2025-08-20 15:28:15,286 - root - INFO - Detected bed conf=0.50 bbox=(3, 497, 1217, 716)
2025-08-20 15:28:15,449 - root - INFO - Detected person conf=0.73 bbox=(303, 322, 903, 715)
2025-08-20 15:28:15,449 - root - INFO - Detected bed conf=0.48 bbox=(0, 498, 1269, 714)
2025-08-20 15:28:15,529 - werkzeug - INFO - 127.0.0.1 - - [20/Aug/2025 15:28:15] "GET /api/camera-status HTTP/1.1" 200 -
2025-08-20 15:28:15,616 - root - INFO - Detected person conf=0.74 bbox=(309, 322, 903, 715)
2025-08-20 15:28:15,617 - root - INFO - Detected bed conf=0.49 bbox=(3, 493, 1220, 717)
2025-08-20 15:28:15,781 - root - INFO - Detected person conf=0.71 bbox=(306, 322, 902, 715)
2025-08-20 15:28:15,781 - root - INFO - Detected bed conf=0.49 bbox=(2, 496, 1266, 713)
2025-08-20 15:28:15,938 - root - INFO - Detected person conf=0.68 bbox=(302, 321, 903, 715)
2025-08-20 15:28:15,939 - root - INFO - Detected bed conf=0.47 bbox=(3, 492, 1216, 717)
2025-08-20 15:28:16,112 - root - INFO - Detected person conf=0.71 bbox=(309, 321, 904, 715)
2025-08-20 15:28:16,112 - root - INFO - Detected bed conf=0.49 bbox=(3, 492, 1218, 716)
2025-08-20 15:28:16,223 - werkzeug - INFO - 127.0.0.1 - - [20/Aug/2025 15:28:16] "GET /api/camera-status HTTP/1.1" 200 -
2025-08-20 15:28:16,273 - root - INFO - Detected person conf=0.65 bbox=(305, 321, 906, 714)
2025-08-20 15:28:16,273 - root - INFO - Detected bed conf=0.48 bbox=(0, 498, 1268, 713)
2025-08-20 15:28:16,432 - root - INFO - Detected person conf=0.66 bbox=(304, 320, 907, 715)
2025-08-20 15:28:16,433 - root - INFO - Detected bed conf=0.49 bbox=(0, 495, 1268, 714)
2025-08-20 15:28:16,596 - root - INFO - Detected person conf=0.65 bbox=(309, 321, 908, 715)
2025-08-20 15:28:16,597 - root - INFO - Detected bed conf=0.51 bbox=(2, 492, 1219, 717)
2025-08-20 15:28:16,762 - root - INFO - Detected person conf=0.74 bbox=(307, 320, 907, 715)
2025-08-20 15:28:16,764 - root - INFO - Detected bed conf=0.51 bbox=(3, 491, 1223, 717)
2025-08-20 15:28:16,936 - root - INFO - Detected person conf=0.70 bbox=(314, 321, 907, 715)
2025-08-20 15:28:16,937 - root - INFO - Detected bed conf=0.49 bbox=(3, 492, 1222, 716)
2025-08-20 15:28:17,099 - root - INFO - Detected person conf=0.68 bbox=(316, 321, 907, 715)
2025-08-20 15:28:17,099 - root - INFO - Detected bed conf=0.51 bbox=(3, 492, 1218, 717)
2025-08-20 15:28:17,262 - root - INFO - Detected person conf=0.73 bbox=(310, 321, 909, 715)
2025-08-20 15:28:17,263 - root - INFO - Detected bed conf=0.47 bbox=(3, 492, 1222, 717)
2025-08-20 15:28:17,442 - root - INFO - Detected person conf=0.55 bbox=(325, 323, 904, 718)
2025-08-20 15:28:17,442 - root - INFO - Detected bed conf=0.48 bbox=(2, 494, 1225, 717)
2025-08-20 15:28:17,534 - werkzeug - INFO - 127.0.0.1 - - [20/Aug/2025 15:28:17] "GET /api/camera-status HTTP/1.1" 200 -
2025-08-20 15:28:17,605 - root - INFO - Detected person conf=0.57 bbox=(309, 323, 904, 715)
2025-08-20 15:28:17,606 - root - INFO - Detected bed conf=0.48 bbox=(2, 495, 1220, 716)
2025-08-20 15:28:17,779 - root - INFO - Detected person conf=0.68 bbox=(321, 324, 905, 715)
2025-08-20 15:28:17,779 - root - INFO - Detected bed conf=0.47 bbox=(2, 497, 1216, 716)
2025-08-20 15:28:17,946 - root - INFO - Detected person conf=0.74 bbox=(329, 324, 905, 714)
2025-08-20 15:28:17,947 - root - INFO - Detected bed conf=0.44 bbox=(3, 498, 1218, 715)
2025-08-20 15:28:18,109 - root - INFO - Detected person conf=0.72 bbox=(338, 324, 903, 715)
2025-08-20 15:28:18,109 - root - INFO - Detected bed conf=0.47 bbox=(2, 497, 1228, 716)
2025-08-20 15:28:18,231 - werkzeug - INFO - 127.0.0.1 - - [20/Aug/2025 15:28:18] "GET /api/camera-status HTTP/1.1" 200 -
2025-08-20 15:28:18,277 - root - INFO - Detected person conf=0.62 bbox=(319, 325, 906, 715)
2025-08-20 15:28:18,278 - root - INFO - Detected bed conf=0.47 bbox=(2, 498, 1223, 716)
2025-08-20 15:28:18,453 - root - INFO - Detected person conf=0.59 bbox=(331, 324, 903, 717)
2025-08-20 15:28:18,454 - root - INFO - Detected bed conf=0.47 bbox=(2, 497, 1220, 716)
2025-08-20 15:28:18,621 - root - INFO - Detected person conf=0.58 bbox=(306, 322, 906, 715)
2025-08-20 15:28:18,622 - root - INFO - Detected bed conf=0.46 bbox=(3, 495, 1226, 717)
2025-08-20 15:28:18,787 - root - INFO - Detected person conf=0.68 bbox=(303, 321, 907, 715)
2025-08-20 15:28:18,788 - root - INFO - Detected bed conf=0.50 bbox=(0, 496, 1268, 714)
2025-08-20 15:28:18,959 - root - INFO - Detected person conf=0.71 bbox=(303, 321, 907, 714)
2025-08-20 15:28:18,960 - root - INFO - Detected bed conf=0.50 bbox=(0, 496, 1268, 714)
2025-08-20 15:28:19,133 - root - INFO - Detected person conf=0.64 bbox=(298, 321, 907, 714)
2025-08-20 15:28:19,134 - root - INFO - Detected bed conf=0.47 bbox=(0, 493, 1222, 714)
2025-08-20 15:28:19,297 - root - INFO - Detected person conf=0.69 bbox=(302, 321, 907, 714)
2025-08-20 15:28:19,297 - root - INFO - Detected bed conf=0.49 bbox=(4, 492, 1221, 716)
2025-08-20 15:28:19,471 - root - INFO - Detected person conf=0.67 bbox=(299, 321, 907, 715)
2025-08-20 15:28:19,471 - root - INFO - Detected bed conf=0.49 bbox=(0, 497, 1268, 714)
2025-08-20 15:28:19,532 - werkzeug - INFO - 127.0.0.1 - - [20/Aug/2025 15:28:19] "GET /api/camera-status HTTP/1.1" 200 -
2025-08-20 15:28:19,645 - root - INFO - Detected person conf=0.56 bbox=(297, 322, 908, 717)
2025-08-20 15:28:19,645 - root - INFO - Detected bed conf=0.49 bbox=(0, 496, 1271, 715)
2025-08-20 15:28:19,808 - root - INFO - Detected person conf=0.57 bbox=(308, 322, 907, 717)
2025-08-20 15:28:19,808 - root - INFO - Detected bed conf=0.49 bbox=(0, 496, 1271, 713)
2025-08-20 15:28:19,967 - root - INFO - Detected person conf=0.65 bbox=(305, 322, 905, 715)
2025-08-20 15:28:19,968 - root - INFO - Detected bed conf=0.50 bbox=(3, 494, 1220, 717)
2025-08-20 15:28:20,143 - root - INFO - Detected person conf=0.65 bbox=(306, 322, 906, 715)
2025-08-20 15:28:20,144 - root - INFO - Detected bed conf=0.49 bbox=(2, 495, 1214, 717)
2025-08-20 15:28:20,229 - werkzeug - INFO - 127.0.0.1 - - [20/Aug/2025 15:28:20] "GET /api/camera-status HTTP/1.1" 200 -
2025-08-20 15:28:20,306 - root - INFO - Detected person conf=0.65 bbox=(310, 323, 907, 715)
2025-08-20 15:28:20,307 - root - INFO - Detected bed conf=0.49 bbox=(2, 495, 1227, 716)
2025-08-20 15:28:20,481 - root - INFO - Detected person conf=0.65 bbox=(314, 323, 906, 715)
2025-08-20 15:28:20,482 - root - INFO - Detected bed conf=0.47 bbox=(3, 496, 1226, 716)
2025-08-20 15:28:20,646 - root - INFO - Detected person conf=0.73 bbox=(321, 325, 902, 715)
2025-08-20 15:28:20,647 - root - INFO - Detected bed conf=0.45 bbox=(0, 502, 1267, 713)
2025-08-20 15:28:20,810 - root - INFO - Detected person conf=0.63 bbox=(324, 326, 904, 715)
2025-08-20 15:28:20,811 - root - INFO - Detected bed conf=0.47 bbox=(4, 498, 1237, 715)
2025-08-20 15:28:20,978 - root - INFO - Detected person conf=0.65 bbox=(317, 327, 902, 715)
2025-08-20 15:28:20,979 - root - INFO - Detected bed conf=0.50 bbox=(3, 500, 1225, 715)
2025-08-20 15:28:21,165 - root - INFO - Detected person conf=0.70 bbox=(322, 326, 902, 715)
2025-08-20 15:28:21,166 - root - INFO - Detected bed conf=0.48 bbox=(0, 502, 1265, 713)
2025-08-20 15:28:21,324 - root - INFO - Detected person conf=0.62 bbox=(324, 325, 900, 716)
2025-08-20 15:28:21,324 - root - INFO - Detected bed conf=0.42 bbox=(4, 496, 1234, 716)
2025-08-20 15:28:21,486 - root - INFO - Detected person conf=0.69 bbox=(317, 323, 902, 715)
2025-08-20 15:28:21,487 - root - INFO - Detected bed conf=0.47 bbox=(1, 499, 1269, 711)
2025-08-20 15:28:21,533 - werkzeug - INFO - 127.0.0.1 - - [20/Aug/2025 15:28:21] "GET /api/camera-status HTTP/1.1" 200 -
2025-08-20 15:28:21,666 - root - INFO - Detected person conf=0.69 bbox=(312, 322, 905, 715)
2025-08-20 15:28:21,667 - root - INFO - Detected bed conf=0.47 bbox=(3, 494, 1213, 716)
2025-08-20 15:28:21,845 - root - INFO - Detected person conf=0.59 bbox=(313, 322, 904, 715)
2025-08-20 15:28:21,846 - root - INFO - Detected bed conf=0.49 bbox=(0, 500, 1269, 712)
2025-08-20 15:28:22,005 - root - INFO - Detected person conf=0.72 bbox=(300, 321, 905, 715)
2025-08-20 15:28:22,005 - root - INFO - Detected bed conf=0.47 bbox=(1, 494, 1269, 712)
2025-08-20 15:28:22,174 - root - INFO - Detected person conf=0.68 bbox=(302, 321, 903, 715)
2025-08-20 15:28:22,175 - root - INFO - Detected bed conf=0.48 bbox=(2, 493, 1268, 711)
2025-08-20 15:28:22,231 - werkzeug - INFO - 127.0.0.1 - - [20/Aug/2025 15:28:22] "GET /api/camera-status HTTP/1.1" 200 -
2025-08-20 15:28:22,355 - root - INFO - Detected person conf=0.71 bbox=(306, 321, 903, 714)
2025-08-20 15:28:22,356 - root - INFO - Detected bed conf=0.49 bbox=(3, 493, 1227, 717)
2025-08-20 15:28:22,533 - root - INFO - Detected person conf=0.67 bbox=(309, 321, 906, 714)
2025-08-20 15:28:22,534 - root - INFO - Detected bed conf=0.48 bbox=(2, 495, 1267, 711)
2025-08-20 15:28:22,689 - root - INFO - Detected person conf=0.62 bbox=(310, 321, 906, 714)
2025-08-20 15:28:22,691 - root - INFO - Detected bed conf=0.48 bbox=(0, 497, 1270, 713)
2025-08-20 15:28:22,856 - root - INFO - Detected person conf=0.48 bbox=(317, 323, 905, 717)
2025-08-20 15:28:22,857 - root - INFO - Detected bed conf=0.48 bbox=(3, 494, 1232, 716)
2025-08-20 15:28:23,018 - root - INFO - Detected person conf=0.53 bbox=(311, 322, 907, 715)
2025-08-20 15:28:23,020 - root - INFO - Detected bed conf=0.49 bbox=(3, 495, 1223, 716)
2025-08-20 15:28:23,200 - root - INFO - Detected person conf=0.66 bbox=(316, 323, 903, 715)
2025-08-20 15:28:23,201 - root - INFO - Detected bed conf=0.48 bbox=(4, 495, 1225, 715)
2025-08-20 15:28:23,368 - root - INFO - Detected person conf=0.67 bbox=(318, 325, 904, 714)
2025-08-20 15:28:23,369 - root - INFO - Detected bed conf=0.47 bbox=(3, 497, 1225, 715)
2025-08-20 15:28:23,532 - werkzeug - INFO - 127.0.0.1 - - [20/Aug/2025 15:28:23] "GET /api/camera-status HTTP/1.1" 200 -
2025-08-20 15:28:23,533 - root - INFO - Detected person conf=0.71 bbox=(317, 326, 901, 715)
2025-08-20 15:28:23,534 - root - INFO - Detected bed conf=0.47 bbox=(3, 499, 1226, 715)
2025-08-20 15:28:23,746 - root - INFO - Detected person conf=0.63 bbox=(319, 327, 903, 715)
2025-08-20 15:28:23,747 - root - INFO - Detected bed conf=0.49 bbox=(3, 500, 1226, 715)
2025-08-20 15:28:23,920 - root - INFO - Detected person conf=0.54 bbox=(332, 326, 907, 717)
2025-08-20 15:28:23,921 - root - INFO - Detected bed conf=0.50 bbox=(0, 502, 1266, 714)
2025-08-20 15:28:24,099 - root - INFO - Detected person conf=0.51 bbox=(316, 325, 909, 717)
2025-08-20 15:28:24,099 - root - INFO - Detected bed conf=0.45 bbox=(0, 502, 1267, 713)
2025-08-20 15:28:24,274 - root - INFO - Detected person conf=0.62 bbox=(317, 323, 902, 715)
2025-08-20 15:28:24,275 - root - INFO - Detected bed conf=0.45 bbox=(4, 496, 1231, 716)
2025-08-20 15:28:24,446 - root - INFO - Detected person conf=0.65 bbox=(310, 322, 904, 715)
2025-08-20 15:28:24,447 - root - INFO - Detected bed conf=0.48 bbox=(4, 494, 1221, 716)
2025-08-20 15:28:24,619 - root - INFO - Detected person conf=0.69 bbox=(300, 321, 907, 714)
2025-08-20 15:28:24,620 - root - INFO - Detected bed conf=0.47 bbox=(4, 492, 1230, 717)
2025-08-20 15:28:24,674 - werkzeug - INFO - 127.0.0.1 - - [20/Aug/2025 15:28:24] "GET /api/camera-status HTTP/1.1" 200 -
2025-08-20 15:28:24,827 - root - INFO - Detected person conf=0.60 bbox=(325, 323, 906, 715)
2025-08-20 15:28:24,829 - root - INFO - Detected bed conf=0.44 bbox=(1, 496, 1225, 715)
2025-08-20 15:28:24,996 - root - INFO - Detected person conf=0.65 bbox=(306, 321, 905, 715)
2025-08-20 15:28:24,996 - root - INFO - Detected bed conf=0.46 bbox=(2, 495, 1267, 711)
2025-08-20 15:28:25,168 - root - INFO - Detected person conf=0.69 bbox=(306, 320, 904, 715)
2025-08-20 15:28:25,169 - root - INFO - Detected bed conf=0.50 bbox=(2, 494, 1266, 712)
2025-08-20 15:28:25,345 - root - INFO - Detected person conf=0.64 bbox=(305, 321, 905, 715)
2025-08-20 15:28:25,346 - root - INFO - Detected bed conf=0.47 bbox=(2, 495, 1268, 712)
2025-08-20 15:28:25,523 - root - INFO - Detected person conf=0.67 bbox=(304, 321, 905, 715)
2025-08-20 15:28:25,524 - root - INFO - Detected bed conf=0.46 bbox=(2, 492, 1215, 716)
2025-08-20 15:28:25,693 - werkzeug - INFO - 127.0.0.1 - - [20/Aug/2025 15:28:25] "GET /api/camera-status HTTP/1.1" 200 -
2025-08-20 15:28:25,696 - root - INFO - Detected person conf=0.60 bbox=(305, 322, 904, 715)
2025-08-20 15:28:25,697 - root - INFO - Detected bed conf=0.47 bbox=(3, 494, 1226, 716)
2025-08-20 15:28:25,873 - root - INFO - Detected person conf=0.70 bbox=(310, 323, 904, 715)
2025-08-20 15:28:25,878 - root - INFO - Detected bed conf=0.46 bbox=(3, 495, 1226, 715)
2025-08-20 15:28:26,053 - root - INFO - Detected person conf=0.73 bbox=(311, 324, 902, 715)
2025-08-20 15:28:26,053 - root - INFO - Detected bed conf=0.48 bbox=(0, 501, 1266, 714)
2025-08-20 15:28:26,218 - root - INFO - Detected person conf=0.57 bbox=(311, 326, 898, 716)
2025-08-20 15:28:26,219 - root - INFO - Detected bed conf=0.51 bbox=(0, 501, 1266, 713)
2025-08-20 15:28:26,224 - werkzeug - INFO - 127.0.0.1 - - [20/Aug/2025 15:28:26] "GET /api/camera-status HTTP/1.1" 200 -
2025-08-20 15:28:26,384 - root - INFO - Detected person conf=0.59 bbox=(319, 328, 901, 715)
2025-08-20 15:28:26,384 - root - INFO - Detected bed conf=0.41 bbox=(4, 497, 1219, 714)
2025-08-20 15:28:26,565 - root - INFO - Detected person conf=0.41 bbox=(353, 331, 917, 716)
2025-08-20 15:28:26,747 - root - INFO - Detected person conf=0.62 bbox=(331, 325, 903, 714)
2025-08-20 15:28:26,912 - root - INFO - Detected person conf=0.58 bbox=(326, 324, 900, 716)
2025-08-20 15:28:26,913 - root - INFO - Detected bed conf=0.42 bbox=(4, 494, 1238, 715)
2025-08-20 15:28:27,078 - root - INFO - Detected person conf=0.55 bbox=(314, 322, 905, 715)
2025-08-20 15:28:27,079 - root - INFO - Detected bed conf=0.43 bbox=(0, 499, 1264, 713)
2025-08-20 15:28:27,238 - root - INFO - Detected person conf=0.68 bbox=(303, 321, 904, 715)
2025-08-20 15:28:27,239 - root - INFO - Detected bed conf=0.40 bbox=(0, 498, 1265, 714)
2025-08-20 15:28:27,411 - root - INFO - Detected person conf=0.59 bbox=(299, 322, 908, 715)
2025-08-20 15:28:27,412 - root - INFO - Detected bed conf=0.46 bbox=(0, 498, 1268, 714)
2025-08-20 15:28:27,540 - werkzeug - INFO - 127.0.0.1 - - [20/Aug/2025 15:28:27] "GET /api/camera-status HTTP/1.1" 200 -
2025-08-20 15:28:27,578 - root - INFO - Detected person conf=0.74 bbox=(301, 321, 905, 715)
2025-08-20 15:28:27,579 - root - INFO - Detected bed conf=0.46 bbox=(0, 496, 1266, 713)
2025-08-20 15:28:27,994 - camera_service - INFO - Camera service stopped
2025-08-20 15:28:27,995 - werkzeug - INFO - 127.0.0.1 - - [20/Aug/2025 15:28:27] "POST /api/stop HTTP/1.1" 200 -
2025-08-20 15:31:34,488 - werkzeug - INFO - [31m[1mWARNING: This is a development server. Do not use it in a production deployment. Use a production WSGI server instead.[0m
 * Running on all addresses (0.0.0.0)
 * Running on http://127.0.0.1:5000
 * Running on http://192.168.101.4:5000
2025-08-20 15:31:34,488 - werkzeug - INFO - [33mPress CTRL+C to quit[0m
2025-08-20 15:31:50,629 - werkzeug - INFO - 127.0.0.1 - - [20/Aug/2025 15:31:50] "OPTIONS /api/start HTTP/1.1" 200 -
2025-08-20 15:31:50,893 - camera_service - INFO - Camera service started
2025-08-20 15:31:50,893 - alarm - WARNING - Failed to load alarm sound alarm.wav: Unknown WAVE format
2025-08-20 15:31:50,894 - werkzeug - INFO - 127.0.0.1 - - [20/Aug/2025 15:31:50] "POST /api/start HTTP/1.1" 200 -
2025-08-20 15:31:50,894 - alarm - INFO - Using fallback alarm sound: C:\Users\apurv\Documents\ManTion\venv\lib\site-packages\pygame\examples\data\boom.wav
2025-08-20 15:31:51,066 - detector - INFO - YOLO models loaded: det=models/yolov8n.pt, pose=models/yolov8n-pose.pt, device=cpu
2025-08-20 15:31:51,910 - werkzeug - INFO - 127.0.0.1 - - [20/Aug/2025 15:31:51] "GET /api/camera-status HTTP/1.1" 200 -
2025-08-20 15:31:52,576 - camera_service - INFO - Camera opened on index 0
2025-08-20 15:31:53,243 - werkzeug - INFO - 127.0.0.1 - - [20/Aug/2025 15:31:53] "GET /api/camera-status HTTP/1.1" 200 -
2025-08-20 15:31:53,499 - root - INFO - Detected person conf=0.60 bbox=(375, 321, 880, 705)
2025-08-20 15:31:53,500 - root - INFO - Detected bed conf=0.49 bbox=(76, 455, 1238, 713)
2025-08-20 15:31:53,660 - root - INFO - Detected person conf=0.47 bbox=(372, 320, 934, 711)
2025-08-20 15:31:53,661 - root - INFO - Detected bed conf=0.43 bbox=(95, 452, 1238, 713)
2025-08-20 15:31:53,821 - root - INFO - Detected person conf=0.53 bbox=(370, 317, 896, 712)
2025-08-20 15:31:53,822 - root - INFO - Detected bed conf=0.43 bbox=(0, 506, 1273, 709)
2025-08-20 15:31:53,916 - werkzeug - INFO - 127.0.0.1 - - [20/Aug/2025 15:31:53] "GET /api/camera-status HTTP/1.1" 200 -
2025-08-20 15:31:53,985 - root - INFO - Detected person conf=0.55 bbox=(375, 319, 905, 708)
2025-08-20 15:31:53,986 - root - INFO - Detected bed conf=0.47 bbox=(0, 509, 1269, 710)
2025-08-20 15:31:53,986 - root - INFO - Detected bed conf=0.44 bbox=(113, 446, 1229, 713)
2025-08-20 15:31:54,151 - root - INFO - Detected bed conf=0.53 bbox=(0, 508, 1271, 710)
2025-08-20 15:31:54,151 - root - INFO - Detected person conf=0.50 bbox=(373, 319, 881, 709)
2025-08-20 15:31:54,314 - root - INFO - Detected bed conf=0.49 bbox=(1, 509, 1270, 710)
2025-08-20 15:31:54,315 - root - INFO - Detected person conf=0.42 bbox=(371, 319, 947, 712)
2025-08-20 15:31:54,315 - root - INFO - Detected bed conf=0.41 bbox=(85, 446, 1233, 713)
2025-08-20 15:31:54,471 - root - INFO - Detected bed conf=0.50 bbox=(0, 510, 1270, 710)
2025-08-20 15:31:54,471 - root - INFO - Detected bed conf=0.42 bbox=(68, 439, 1233, 713)
2025-08-20 15:31:54,472 - root - INFO - Detected person conf=0.40 bbox=(362, 319, 952, 712)
2025-08-20 15:31:54,626 - root - INFO - Detected person conf=0.50 bbox=(367, 315, 1037, 713)
2025-08-20 15:31:54,627 - root - INFO - Detected bed conf=0.46 bbox=(0, 507, 1268, 712)
2025-08-20 15:31:54,776 - root - INFO - Detected bed conf=0.51 bbox=(0, 507, 1270, 710)
2025-08-20 15:31:54,777 - root - INFO - Detected person conf=0.45 bbox=(369, 314, 1173, 713)
2025-08-20 15:31:54,930 - root - INFO - Detected person conf=0.60 bbox=(366, 315, 967, 714)
2025-08-20 15:31:54,932 - root - INFO - Detected bed conf=0.50 bbox=(0, 507, 1269, 710)
2025-08-20 15:31:55,089 - root - INFO - Detected bed conf=0.50 bbox=(0, 506, 1269, 710)
2025-08-20 15:31:55,090 - root - INFO - Detected person conf=0.47 bbox=(366, 313, 1216, 714)
2025-08-20 15:31:55,212 - werkzeug - INFO - 127.0.0.1 - - [20/Aug/2025 15:31:55] "GET /api/camera-status HTTP/1.1" 200 -
2025-08-20 15:31:55,248 - root - INFO - Detected person conf=0.54 bbox=(366, 312, 1219, 715)
2025-08-20 15:31:55,249 - root - INFO - Detected bed conf=0.48 bbox=(0, 505, 1267, 711)
2025-08-20 15:31:55,403 - root - INFO - Detected bed conf=0.50 bbox=(0, 505, 1268, 711)
2025-08-20 15:31:55,403 - root - INFO - Detected person conf=0.44 bbox=(368, 312, 1232, 715)
2025-08-20 15:31:55,556 - root - INFO - Detected bed conf=0.52 bbox=(0, 505, 1268, 710)
2025-08-20 15:31:55,557 - root - INFO - Detected person conf=0.41 bbox=(367, 311, 1217, 714)
2025-08-20 15:31:55,714 - root - INFO - Detected bed conf=0.49 bbox=(1, 505, 1269, 710)
2025-08-20 15:31:55,714 - root - INFO - Detected person conf=0.43 bbox=(366, 311, 1207, 714)
2025-08-20 15:31:55,875 - root - INFO - Detected bed conf=0.46 bbox=(0, 505, 1269, 711)
2025-08-20 15:31:55,875 - root - INFO - Detected person conf=0.42 bbox=(366, 311, 1214, 714)
2025-08-20 15:31:55,906 - werkzeug - INFO - 127.0.0.1 - - [20/Aug/2025 15:31:55] "GET /api/camera-status HTTP/1.1" 200 -
2025-08-20 15:31:56,041 - root - INFO - Detected person conf=0.49 bbox=(366, 312, 1169, 714)
2025-08-20 15:31:56,042 - root - INFO - Detected bed conf=0.48 bbox=(0, 505, 1267, 713)
2025-08-20 15:31:56,203 - root - INFO - Detected person conf=0.52 bbox=(367, 313, 1170, 714)
2025-08-20 15:31:56,204 - root - INFO - Detected bed conf=0.46 bbox=(0, 505, 1268, 713)
2025-08-20 15:31:56,372 - root - INFO - Detected bed conf=0.51 bbox=(1, 504, 1270, 711)
2025-08-20 15:31:56,373 - root - INFO - Detected person conf=0.42 bbox=(367, 312, 1171, 714)
2025-08-20 15:31:56,541 - root - INFO - Detected person conf=0.53 bbox=(368, 314, 1024, 713)
2025-08-20 15:31:56,542 - root - INFO - Detected bed conf=0.46 bbox=(1, 503, 1269, 710)
2025-08-20 15:31:56,703 - root - INFO - Detected bed conf=0.44 bbox=(1, 505, 1267, 710)
2025-08-20 15:31:56,864 - root - INFO - Detected bed conf=0.46 bbox=(0, 508, 1270, 710)
2025-08-20 15:31:56,865 - root - INFO - Detected person conf=0.42 bbox=(367, 315, 1222, 714)
2025-08-20 15:31:57,019 - root - INFO - Detected bed conf=0.50 bbox=(1, 506, 1271, 710)
2025-08-20 15:31:57,020 - root - INFO - Detected bed conf=0.40 bbox=(104, 442, 1235, 713)
2025-08-20 15:31:57,184 - root - INFO - Detected person conf=0.54 bbox=(368, 317, 985, 714)
2025-08-20 15:31:57,184 - root - INFO - Detected bed conf=0.48 bbox=(1, 506, 1270, 710)
2025-08-20 15:31:57,216 - werkzeug - INFO - 127.0.0.1 - - [20/Aug/2025 15:31:57] "GET /api/camera-status HTTP/1.1" 200 -
2025-08-20 15:31:57,345 - root - INFO - Detected bed conf=0.46 bbox=(2, 507, 1271, 710)
2025-08-20 15:31:57,345 - root - INFO - Detected person conf=0.46 bbox=(372, 316, 1027, 714)
2025-08-20 15:31:57,501 - root - INFO - Detected person conf=0.50 bbox=(375, 315, 1029, 714)
2025-08-20 15:31:57,502 - root - INFO - Detected bed conf=0.46 bbox=(1, 509, 1271, 710)
2025-08-20 15:31:57,662 - root - INFO - Detected person conf=0.56 bbox=(371, 315, 1005, 714)
2025-08-20 15:31:57,663 - root - INFO - Detected bed conf=0.48 bbox=(1, 508, 1271, 710)
2025-08-20 15:31:57,820 - root - INFO - Detected person conf=0.55 bbox=(371, 314, 1088, 714)
2025-08-20 15:31:57,821 - root - INFO - Detected bed conf=0.48 bbox=(1, 507, 1270, 710)
2025-08-20 15:31:57,902 - werkzeug - INFO - 127.0.0.1 - - [20/Aug/2025 15:31:57] "GET /api/camera-status HTTP/1.1" 200 -
2025-08-20 15:31:57,980 - root - INFO - Detected person conf=0.58 bbox=(370, 313, 1042, 714)
2025-08-20 15:31:57,981 - root - INFO - Detected bed conf=0.50 bbox=(1, 505, 1272, 710)
2025-08-20 15:31:58,135 - root - INFO - Detected person conf=0.64 bbox=(367, 313, 972, 713)
2025-08-20 15:31:58,136 - root - INFO - Detected bed conf=0.48 bbox=(2, 504, 1269, 710)
2025-08-20 15:31:58,291 - root - INFO - Detected person conf=0.51 bbox=(369, 313, 1203, 714)
2025-08-20 15:31:58,292 - root - INFO - Detected bed conf=0.49 bbox=(2, 504, 1271, 710)
2025-08-20 15:31:58,447 - root - INFO - Detected person conf=0.61 bbox=(369, 314, 975, 714)
2025-08-20 15:31:58,448 - root - INFO - Detected bed conf=0.44 bbox=(2, 505, 1270, 710)
2025-08-20 15:31:58,608 - root - INFO - Detected person conf=0.55 bbox=(368, 314, 1169, 714)
2025-08-20 15:31:58,609 - root - INFO - Detected bed conf=0.49 bbox=(2, 505, 1271, 710)
2025-08-20 15:31:58,764 - root - INFO - Detected person conf=0.48 bbox=(366, 313, 1182, 714)
2025-08-20 15:31:58,765 - root - INFO - Detected bed conf=0.47 bbox=(1, 505, 1270, 710)
2025-08-20 15:31:58,919 - root - INFO - Detected person conf=0.56 bbox=(369, 313, 1011, 714)
2025-08-20 15:31:58,919 - root - INFO - Detected bed conf=0.45 bbox=(2, 506, 1271, 710)
2025-08-20 15:31:59,074 - root - INFO - Detected bed conf=0.49 bbox=(1, 505, 1271, 710)
2025-08-20 15:31:59,074 - root - INFO - Detected person conf=0.48 bbox=(370, 312, 1207, 714)
2025-08-20 15:31:59,231 - root - INFO - Detected bed conf=0.50 bbox=(2, 505, 1270, 710)
2025-08-20 15:31:59,231 - root - INFO - Detected person conf=0.45 bbox=(370, 313, 1210, 714)
2025-08-20 15:31:59,241 - werkzeug - INFO - 127.0.0.1 - - [20/Aug/2025 15:31:59] "GET /api/camera-status HTTP/1.1" 200 -
2025-08-20 15:31:59,390 - root - INFO - Detected person conf=0.52 bbox=(370, 313, 1094, 714)
2025-08-20 15:31:59,390 - root - INFO - Detected bed conf=0.49 bbox=(2, 504, 1270, 710)
2025-08-20 15:31:59,548 - root - INFO - Detected person conf=0.48 bbox=(369, 314, 1075, 713)
2025-08-20 15:31:59,549 - root - INFO - Detected bed conf=0.46 bbox=(1, 504, 1269, 710)
2025-08-20 15:31:59,708 - root - INFO - Detected person conf=0.65 bbox=(368, 315, 968, 714)
2025-08-20 15:31:59,709 - root - INFO - Detected bed conf=0.47 bbox=(1, 505, 1270, 710)
2025-08-20 15:31:59,875 - root - INFO - Detected person conf=0.62 bbox=(370, 316, 965, 714)
2025-08-20 15:31:59,889 - root - INFO - Detected bed conf=0.44 bbox=(1, 507, 1270, 710)
2025-08-20 15:31:59,909 - werkzeug - INFO - 127.0.0.1 - - [20/Aug/2025 15:31:59] "GET /api/camera-status HTTP/1.1" 200 -
2025-08-20 15:32:00,064 - root - INFO - Detected person conf=0.60 bbox=(373, 317, 962, 714)
2025-08-20 15:32:00,065 - root - INFO - Detected bed conf=0.46 bbox=(1, 508, 1270, 710)
2025-08-20 15:32:00,218 - root - INFO - Detected person conf=0.46 bbox=(372, 316, 999, 714)
2025-08-20 15:32:00,219 - root - INFO - Detected bed conf=0.45 bbox=(1, 509, 1270, 710)
2025-08-20 15:32:00,379 - root - INFO - Detected bed conf=0.44 bbox=(2, 510, 1270, 710)
2025-08-20 15:32:00,538 - root - INFO - Detected person conf=0.53 bbox=(373, 315, 952, 714)
2025-08-20 15:32:00,538 - root - INFO - Detected bed conf=0.49 bbox=(2, 508, 1271, 710)
2025-08-20 15:32:00,539 - root - INFO - Detected bed conf=0.42 bbox=(110, 448, 1241, 713)
2025-08-20 15:32:00,696 - root - INFO - Detected bed conf=0.45 bbox=(1, 507, 1270, 710)
2025-08-20 15:32:00,698 - root - INFO - Detected person conf=0.42 bbox=(381, 315, 882, 712)
2025-08-20 15:32:00,855 - root - INFO - Detected bed conf=0.44 bbox=(1, 506, 1272, 710)
2025-08-20 15:32:01,018 - root - INFO - Detected bed conf=0.48 bbox=(1, 507, 1271, 710)
2025-08-20 15:32:01,174 - root - INFO - Detected bed conf=0.47 bbox=(1, 506, 1272, 710)
2025-08-20 15:32:01,174 - root - INFO - Detected person conf=0.44 bbox=(372, 313, 1216, 715)
2025-08-20 15:32:01,212 - werkzeug - INFO - 127.0.0.1 - - [20/Aug/2025 15:32:01] "GET /api/camera-status HTTP/1.1" 200 -
2025-08-20 15:32:01,332 - root - INFO - Detected person conf=0.51 bbox=(373, 314, 1006, 714)
2025-08-20 15:32:01,333 - root - INFO - Detected bed conf=0.46 bbox=(1, 507, 1271, 710)
2025-08-20 15:32:01,492 - root - INFO - Detected bed conf=0.51 bbox=(1, 508, 1271, 710)
2025-08-20 15:32:01,492 - root - INFO - Detected person conf=0.44 bbox=(375, 314, 979, 714)
2025-08-20 15:32:01,646 - root - INFO - Detected person conf=0.51 bbox=(373, 315, 977, 714)
2025-08-20 15:32:01,646 - root - INFO - Detected bed conf=0.50 bbox=(1, 508, 1270, 710)
2025-08-20 15:32:01,796 - root - INFO - Detected person conf=0.56 bbox=(373, 315, 975, 714)
2025-08-20 15:32:01,797 - root - INFO - Detected bed conf=0.48 bbox=(2, 507, 1271, 710)
2025-08-20 15:32:01,905 - werkzeug - INFO - 127.0.0.1 - - [20/Aug/2025 15:32:01] "GET /api/camera-status HTTP/1.1" 200 -
2025-08-20 15:32:01,955 - root - INFO - Detected person conf=0.54 bbox=(369, 315, 986, 714)
2025-08-20 15:32:01,955 - root - INFO - Detected bed conf=0.49 bbox=(2, 506, 1271, 710)
2025-08-20 15:32:02,110 - root - INFO - Detected person conf=0.56 bbox=(366, 315, 977, 715)
2025-08-20 15:32:02,111 - root - INFO - Detected bed conf=0.50 bbox=(2, 505, 1270, 710)
2025-08-20 15:32:02,277 - root - INFO - Detected person conf=0.57 bbox=(370, 314, 975, 714)
2025-08-20 15:32:02,278 - root - INFO - Detected bed conf=0.49 bbox=(2, 506, 1271, 710)
2025-08-20 15:32:02,446 - root - INFO - Detected person conf=0.50 bbox=(371, 314, 984, 714)
2025-08-20 15:32:02,446 - root - INFO - Detected bed conf=0.50 bbox=(2, 506, 1270, 710)
2025-08-20 15:32:02,609 - root - INFO - Detected person conf=0.51 bbox=(370, 314, 997, 715)
2025-08-20 15:32:02,611 - root - INFO - Detected bed conf=0.48 bbox=(2, 506, 1270, 710)
2025-08-20 15:32:02,767 - root - INFO - Detected person conf=0.58 bbox=(377, 317, 978, 715)
2025-08-20 15:32:02,768 - root - INFO - Detected bed conf=0.48 bbox=(2, 506, 1270, 710)
2025-08-20 15:32:02,921 - root - INFO - Detected person conf=0.54 bbox=(369, 317, 966, 714)
2025-08-20 15:32:02,922 - root - INFO - Detected bed conf=0.46 bbox=(2, 507, 1270, 710)
2025-08-20 15:32:03,075 - root - INFO - Detected person conf=0.53 bbox=(369, 317, 988, 715)
2025-08-20 15:32:03,076 - root - INFO - Detected bed conf=0.47 bbox=(2, 508, 1271, 710)
2025-08-20 15:32:03,222 - werkzeug - INFO - 127.0.0.1 - - [20/Aug/2025 15:32:03] "GET /api/camera-status HTTP/1.1" 200 -
2025-08-20 15:32:03,245 - root - INFO - Detected person conf=0.52 bbox=(370, 318, 985, 714)
2025-08-20 15:32:03,245 - root - INFO - Detected bed conf=0.47 bbox=(2, 507, 1270, 710)
2025-08-20 15:32:03,410 - root - INFO - Detected person conf=0.56 bbox=(370, 316, 985, 714)
2025-08-20 15:32:03,410 - root - INFO - Detected bed conf=0.46 bbox=(2, 506, 1271, 710)
2025-08-20 15:32:03,566 - root - INFO - Detected person conf=0.68 bbox=(368, 318, 975, 714)
2025-08-20 15:32:03,567 - root - INFO - Detected bed conf=0.47 bbox=(1, 507, 1271, 710)
2025-08-20 15:32:03,723 - root - INFO - Detected bed conf=0.51 bbox=(2, 508, 1271, 710)
2025-08-20 15:32:03,724 - root - INFO - Detected person conf=0.48 bbox=(369, 316, 1062, 715)
2025-08-20 15:32:03,893 - root - INFO - Detected bed conf=0.51 bbox=(2, 508, 1271, 710)
2025-08-20 15:32:03,894 - root - INFO - Detected person conf=0.45 bbox=(372, 315, 1025, 714)
2025-08-20 15:32:03,909 - werkzeug - INFO - 127.0.0.1 - - [20/Aug/2025 15:32:03] "GET /api/camera-status HTTP/1.1" 200 -
2025-08-20 15:32:04,061 - root - INFO - Detected bed conf=0.49 bbox=(2, 509, 1271, 710)
2025-08-20 15:32:04,062 - root - INFO - Detected person conf=0.48 bbox=(369, 315, 1052, 714)
2025-08-20 15:32:04,217 - root - INFO - Detected bed conf=0.51 bbox=(2, 508, 1271, 710)
2025-08-20 15:32:04,218 - root - INFO - Detected person conf=0.44 bbox=(371, 315, 1029, 715)
2025-08-20 15:32:04,378 - root - INFO - Detected bed conf=0.48 bbox=(2, 507, 1272, 710)
2025-08-20 15:32:04,538 - root - INFO - Detected bed conf=0.51 bbox=(2, 507, 1271, 710)
2025-08-20 15:32:04,697 - root - INFO - Detected bed conf=0.53 bbox=(2, 507, 1272, 710)
2025-08-20 15:32:04,697 - root - INFO - Detected person conf=0.53 bbox=(371, 315, 975, 715)
2025-08-20 15:32:04,867 - root - INFO - Detected bed conf=0.50 bbox=(2, 507, 1272, 710)
2025-08-20 15:32:05,034 - root - INFO - Detected bed conf=0.50 bbox=(2, 508, 1272, 710)
2025-08-20 15:32:05,034 - root - INFO - Detected person conf=0.44 bbox=(375, 313, 1186, 715)
2025-08-20 15:32:05,189 - root - INFO - Detected bed conf=0.51 bbox=(1, 506, 1273, 710)
2025-08-20 15:32:05,189 - root - INFO - Detected person conf=0.44 bbox=(373, 313, 1152, 715)
2025-08-20 15:32:05,216 - werkzeug - INFO - 127.0.0.1 - - [20/Aug/2025 15:32:05] "GET /api/camera-status HTTP/1.1" 200 -
2025-08-20 15:32:05,357 - root - INFO - Detected bed conf=0.47 bbox=(1, 506, 1274, 710)
2025-08-20 15:32:05,357 - root - INFO - Detected person conf=0.45 bbox=(372, 314, 1006, 715)
2025-08-20 15:32:05,527 - root - INFO - Detected bed conf=0.49 bbox=(1, 506, 1272, 710)
2025-08-20 15:32:05,528 - root - INFO - Detected person conf=0.46 bbox=(376, 316, 922, 712)
2025-08-20 15:32:05,683 - root - INFO - Detected bed conf=0.49 bbox=(2, 508, 1273, 710)
2025-08-20 15:32:05,684 - root - INFO - Detected person conf=0.47 bbox=(376, 316, 939, 711)
2025-08-20 15:32:05,859 - root - INFO - Detected bed conf=0.50 bbox=(1, 508, 1273, 710)
2025-08-20 15:32:05,860 - root - INFO - Detected person conf=0.44 bbox=(394, 316, 879, 705)
2025-08-20 15:32:05,902 - werkzeug - INFO - 127.0.0.1 - - [20/Aug/2025 15:32:05] "GET /api/camera-status HTTP/1.1" 200 -
2025-08-20 15:32:06,022 - root - INFO - Detected bed conf=0.49 bbox=(2, 508, 1273, 710)
2025-08-20 15:32:06,023 - root - INFO - Detected person conf=0.42 bbox=(381, 316, 878, 706)
2025-08-20 15:32:06,189 - root - INFO - Detected bed conf=0.50 bbox=(2, 508, 1273, 710)
2025-08-20 15:32:06,189 - root - INFO - Detected person conf=0.45 bbox=(385, 317, 879, 704)
2025-08-20 15:32:06,346 - root - INFO - Detected bed conf=0.52 bbox=(1, 507, 1273, 711)
2025-08-20 15:32:06,347 - root - INFO - Detected person conf=0.41 bbox=(401, 318, 918, 706)
2025-08-20 15:32:06,519 - root - INFO - Detected bed conf=0.52 bbox=(1, 507, 1274, 710)
2025-08-20 15:32:06,520 - root - INFO - Detected person conf=0.46 bbox=(370, 316, 1168, 715)
2025-08-20 15:32:06,521 - root - INFO - Detected person conf=0.41 bbox=(386, 318, 950, 710)
2025-08-20 15:32:06,696 - root - INFO - Detected person conf=0.59 bbox=(368, 319, 926, 713)
2025-08-20 15:32:06,703 - root - INFO - Detected bed conf=0.48 bbox=(2, 507, 1272, 711)
2025-08-20 15:32:06,704 - root - INFO - Detected person conf=0.46 bbox=(366, 317, 1206, 715)
2025-08-20 15:32:06,881 - root - INFO - Detected person conf=0.50 bbox=(371, 320, 924, 712)
2025-08-20 15:32:06,882 - root - INFO - Detected bed conf=0.48 bbox=(1, 509, 1271, 711)
2025-08-20 15:32:06,883 - root - INFO - Detected person conf=0.42 bbox=(367, 317, 1222, 715)
2025-08-20 15:32:07,044 - root - INFO - Detected person conf=0.59 bbox=(369, 316, 1093, 715)
2025-08-20 15:32:07,045 - root - INFO - Detected bed conf=0.44 bbox=(2, 501, 1260, 715)
2025-08-20 15:32:07,199 - root - INFO - Detected person conf=0.46 bbox=(372, 321, 923, 709)
2025-08-20 15:32:07,200 - root - INFO - Detected bed conf=0.42 bbox=(0, 509, 1270, 712)
2025-08-20 15:32:07,200 - root - INFO - Detected person conf=0.40 bbox=(366, 317, 1222, 714)
2025-08-20 15:32:07,217 - werkzeug - INFO - 127.0.0.1 - - [20/Aug/2025 15:32:07] "GET /api/camera-status HTTP/1.1" 200 -
2025-08-20 15:32:07,354 - root - INFO - Detected person conf=0.55 bbox=(372, 320, 916, 709)
2025-08-20 15:32:07,355 - root - INFO - Detected bed conf=0.43 bbox=(1, 506, 1271, 710)
2025-08-20 15:32:07,355 - root - INFO - Detected person conf=0.41 bbox=(367, 317, 1209, 715)
2025-08-20 15:32:07,528 - root - INFO - Detected person conf=0.57 bbox=(375, 319, 897, 707)
2025-08-20 15:32:07,529 - root - INFO - Detected bed conf=0.48 bbox=(2, 507, 1273, 710)
2025-08-20 15:32:07,696 - root - INFO - Detected person conf=0.58 bbox=(373, 320, 897, 705)
2025-08-20 15:32:07,697 - root - INFO - Detected bed conf=0.47 bbox=(2, 509, 1270, 710)
2025-08-20 15:32:07,857 - root - INFO - Detected person conf=0.60 bbox=(371, 321, 897, 709)
2025-08-20 15:32:07,858 - root - INFO - Detected bed conf=0.46 bbox=(2, 509, 1269, 711)
2025-08-20 15:32:07,904 - werkzeug - INFO - 127.0.0.1 - - [20/Aug/2025 15:32:07] "GET /api/camera-status HTTP/1.1" 200 -
2025-08-20 15:32:08,019 - root - INFO - Detected bed conf=0.43 bbox=(1, 514, 1271, 710)
2025-08-20 15:32:08,175 - root - INFO - Detected bed conf=0.43 bbox=(1, 514, 1271, 711)
2025-08-20 15:32:08,176 - root - INFO - Detected person conf=0.43 bbox=(378, 324, 913, 706)
2025-08-20 15:32:08,333 - root - INFO - Detected bed conf=0.45 bbox=(1, 515, 1272, 711)
2025-08-20 15:32:08,494 - root - INFO - Detected bed conf=0.44 bbox=(1, 517, 1271, 711)
2025-08-20 15:32:08,660 - root - INFO - Detected person conf=0.45 bbox=(530, 325, 893, 697)
2025-08-20 15:32:08,661 - root - INFO - Detected bed conf=0.44 bbox=(1, 515, 1272, 711)
2025-08-20 15:32:08,829 - root - INFO - Detected person conf=0.54 bbox=(528, 323, 893, 693)
2025-08-20 15:32:08,830 - root - INFO - Detected bed conf=0.45 bbox=(0, 516, 1274, 711)
2025-08-20 15:32:08,989 - root - INFO - Detected bed conf=0.46 bbox=(1, 514, 1272, 711)
2025-08-20 15:32:08,990 - root - INFO - Detected person conf=0.44 bbox=(532, 325, 874, 695)
2025-08-20 15:32:09,167 - root - INFO - Detected person conf=0.47 bbox=(530, 324, 883, 693)
2025-08-20 15:32:09,168 - root - INFO - Detected bed conf=0.46 bbox=(1, 513, 1272, 711)
2025-08-20 15:32:09,216 - werkzeug - INFO - 127.0.0.1 - - [20/Aug/2025 15:32:09] "GET /api/camera-status HTTP/1.1" 200 -
2025-08-20 15:32:09,342 - root - INFO - Detected bed conf=0.47 bbox=(1, 520, 1273, 711)
2025-08-20 15:32:09,500 - root - INFO - Detected person conf=0.44 bbox=(374, 324, 1093, 714)
2025-08-20 15:32:09,500 - root - INFO - Detected bed conf=0.44 bbox=(1, 519, 1273, 711)
2025-08-20 15:32:09,657 - root - INFO - Detected person conf=0.47 bbox=(374, 325, 978, 714)
2025-08-20 15:32:09,658 - root - INFO - Detected bed conf=0.45 bbox=(1, 519, 1271, 711)
2025-08-20 15:32:09,823 - root - INFO - Detected bed conf=0.43 bbox=(1, 523, 1273, 712)
2025-08-20 15:32:09,902 - werkzeug - INFO - 127.0.0.1 - - [20/Aug/2025 15:32:09] "GET /api/camera-status HTTP/1.1" 200 -
2025-08-20 15:32:09,983 - root - INFO - Detected person conf=0.52 bbox=(531, 329, 907, 694)
2025-08-20 15:32:09,984 - root - INFO - Detected bed conf=0.45 bbox=(1, 525, 1272, 711)
2025-08-20 15:32:10,139 - root - INFO - Detected person conf=0.49 bbox=(443, 329, 901, 699)
2025-08-20 15:32:10,140 - root - INFO - Detected bed conf=0.40 bbox=(1, 523, 1272, 711)
2025-08-20 15:32:10,301 - root - INFO - Detected person conf=0.52 bbox=(393, 329, 899, 703)
2025-08-20 15:32:10,479 - root - INFO - Detected person conf=0.43 bbox=(373, 329, 1231, 714)
2025-08-20 15:32:10,480 - root - INFO - Detected bed conf=0.40 bbox=(1, 521, 1268, 712)
2025-08-20 15:32:10,644 - root - INFO - Detected person conf=0.53 bbox=(512, 334, 897, 699)
2025-08-20 15:32:10,644 - root - INFO - Detected bed conf=0.47 bbox=(1, 513, 1270, 711)
2025-08-20 15:32:10,806 - root - INFO - Detected bed conf=0.45 bbox=(1, 521, 1271, 711)
2025-08-20 15:32:10,807 - root - INFO - Detected person conf=0.44 bbox=(491, 336, 1223, 712)
2025-08-20 15:32:10,994 - root - INFO - Detected person conf=0.58 bbox=(402, 333, 891, 705)
2025-08-20 15:32:10,995 - root - INFO - Detected bed conf=0.46 bbox=(2, 515, 1269, 711)
2025-08-20 15:32:11,153 - root - INFO - Detected bed conf=0.46 bbox=(2, 515, 1271, 712)
2025-08-20 15:32:11,154 - root - INFO - Detected person conf=0.45 bbox=(377, 329, 1220, 713)
2025-08-20 15:32:11,155 - root - INFO - Detected person conf=0.45 bbox=(384, 333, 931, 709)
2025-08-20 15:32:11,207 - werkzeug - INFO - 127.0.0.1 - - [20/Aug/2025 15:32:11] "GET /api/camera-status HTTP/1.1" 200 -
2025-08-20 15:32:11,320 - root - INFO - Detected bed conf=0.45 bbox=(2, 515, 1271, 712)
2025-08-20 15:32:11,321 - root - INFO - Detected person conf=0.43 bbox=(381, 329, 1229, 713)
2025-08-20 15:32:11,479 - root - INFO - Detected person conf=0.53 bbox=(501, 331, 904, 701)
2025-08-20 15:32:11,480 - root - INFO - Detected bed conf=0.47 bbox=(2, 515, 1272, 711)
2025-08-20 15:32:11,640 - root - INFO - Detected bed conf=0.45 bbox=(1, 514, 1271, 711)
2025-08-20 15:32:11,641 - root - INFO - Detected person conf=0.42 bbox=(392, 329, 896, 705)
2025-08-20 15:32:11,809 - root - INFO - Detected person conf=0.52 bbox=(520, 329, 896, 698)
2025-08-20 15:32:11,810 - root - INFO - Detected bed conf=0.47 bbox=(1, 516, 1272, 711)
2025-08-20 15:32:11,909 - werkzeug - INFO - 127.0.0.1 - - [20/Aug/2025 15:32:11] "GET /api/camera-status HTTP/1.1" 200 -
2025-08-20 15:32:11,961 - root - INFO - Detected bed conf=0.43 bbox=(1, 517, 1273, 710)
2025-08-20 15:32:12,120 - root - INFO - Detected person conf=0.46 bbox=(376, 327, 1219, 714)
2025-08-20 15:32:12,121 - root - INFO - Detected bed conf=0.41 bbox=(0, 519, 1271, 711)
2025-08-20 15:32:12,284 - root - INFO - Detected bed conf=0.43 bbox=(0, 523, 1273, 711)
2025-08-20 15:32:12,448 - root - INFO - Detected person conf=0.50 bbox=(383, 329, 1015, 712)
2025-08-20 15:32:12,448 - root - INFO - Detected bed conf=0.45 bbox=(101, 455, 1240, 712)
2025-08-20 15:32:12,449 - root - INFO - Detected bed conf=0.44 bbox=(1, 521, 1269, 711)
2025-08-20 15:32:12,607 - root - INFO - Detected bed conf=0.44 bbox=(1, 521, 1272, 711)
2025-08-20 15:32:12,608 - root - INFO - Detected person conf=0.43 bbox=(417, 331, 924, 701)
2025-08-20 15:32:12,609 - root - INFO - Detected bed conf=0.41 bbox=(131, 454, 1241, 713)
2025-08-20 15:32:12,760 - root - INFO - Detected bed conf=0.44 bbox=(1, 521, 1271, 711)
2025-08-20 15:32:12,760 - root - INFO - Detected person conf=0.40 bbox=(396, 329, 929, 701)
2025-08-20 15:32:12,761 - root - INFO - Detected bed conf=0.40 bbox=(148, 448, 1247, 713)
2025-08-20 15:32:12,921 - root - INFO - Detected person conf=0.47 bbox=(400, 328, 916, 702)
2025-08-20 15:32:12,921 - root - INFO - Detected bed conf=0.46 bbox=(1, 519, 1273, 711)
2025-08-20 15:32:13,095 - root - INFO - Detected bed conf=0.47 bbox=(1, 516, 1273, 712)
2025-08-20 15:32:13,218 - werkzeug - INFO - 127.0.0.1 - - [20/Aug/2025 15:32:13] "GET /api/camera-status HTTP/1.1" 200 -
2025-08-20 15:32:13,263 - root - INFO - Detected bed conf=0.47 bbox=(1, 514, 1272, 711)
2025-08-20 15:32:13,412 - root - INFO - Detected bed conf=0.44 bbox=(1, 514, 1272, 711)
2025-08-20 15:32:13,567 - root - INFO - Detected person conf=0.48 bbox=(524, 325, 892, 693)
2025-08-20 15:32:13,568 - root - INFO - Detected bed conf=0.45 bbox=(1, 515, 1271, 712)
2025-08-20 15:32:13,772 - root - INFO - Detected bed conf=0.50 bbox=(2, 517, 1270, 711)
2025-08-20 15:32:13,772 - root - INFO - Detected person conf=0.48 bbox=(523, 324, 897, 694)
2025-08-20 15:32:13,905 - werkzeug - INFO - 127.0.0.1 - - [20/Aug/2025 15:32:13] "GET /api/camera-status HTTP/1.1" 200 -
2025-08-20 15:32:13,930 - root - INFO - Detected person conf=0.51 bbox=(521, 323, 908, 689)
2025-08-20 15:32:13,930 - root - INFO - Detected bed conf=0.46 bbox=(1, 516, 1271, 711)
2025-08-20 15:32:14,083 - root - INFO - Detected person conf=0.59 bbox=(522, 323, 901, 688)
2025-08-20 15:32:14,084 - root - INFO - Detected bed conf=0.50 bbox=(2, 514, 1271, 711)
2025-08-20 15:32:14,245 - root - INFO - Detected person conf=0.54 bbox=(520, 324, 901, 689)
2025-08-20 15:32:14,246 - root - INFO - Detected bed conf=0.44 bbox=(1, 514, 1270, 711)
2025-08-20 15:32:14,422 - root - INFO - Detected person conf=0.52 bbox=(522, 324, 894, 695)
2025-08-20 15:32:14,423 - root - INFO - Detected bed conf=0.43 bbox=(1, 511, 1270, 711)
2025-08-20 15:32:14,586 - root - INFO - Detected person conf=0.65 bbox=(521, 323, 892, 687)
2025-08-20 15:32:14,587 - root - INFO - Detected bed conf=0.45 bbox=(1, 513, 1270, 711)
2025-08-20 15:32:14,762 - root - INFO - Detected bed conf=0.44 bbox=(1, 514, 1272, 711)
2025-08-20 15:32:14,762 - root - INFO - Detected person conf=0.43 bbox=(523, 324, 909, 688)
2025-08-20 15:32:14,937 - root - INFO - Detected person conf=0.51 bbox=(521, 324, 907, 689)
2025-08-20 15:32:14,938 - root - INFO - Detected bed conf=0.45 bbox=(1, 515, 1272, 711)
2025-08-20 15:32:15,093 - root - INFO - Detected bed conf=0.41 bbox=(2, 518, 1272, 711)
2025-08-20 15:32:15,215 - werkzeug - INFO - 127.0.0.1 - - [20/Aug/2025 15:32:15] "GET /api/camera-status HTTP/1.1" 200 -
2025-08-20 15:32:15,257 - root - INFO - Detected person conf=0.50 bbox=(523, 326, 895, 691)
2025-08-20 15:32:15,257 - root - INFO - Detected bed conf=0.41 bbox=(2, 519, 1270, 711)
2025-08-20 15:32:15,421 - root - INFO - Detected bed conf=0.44 bbox=(1, 521, 1272, 712)
2025-08-20 15:32:15,578 - root - INFO - Detected bed conf=0.46 bbox=(2, 522, 1270, 712)
2025-08-20 15:32:15,743 - root - INFO - Detected bed conf=0.44 bbox=(2, 522, 1271, 712)
2025-08-20 15:32:15,743 - root - INFO - Detected person conf=0.43 bbox=(500, 328, 915, 696)
2025-08-20 15:32:15,909 - werkzeug - INFO - 127.0.0.1 - - [20/Aug/2025 15:32:15] "GET /api/camera-status HTTP/1.1" 200 -
2025-08-20 15:32:15,909 - root - INFO - Detected person conf=0.55 bbox=(518, 328, 902, 692)
2025-08-20 15:32:15,910 - root - INFO - Detected bed conf=0.47 bbox=(1, 520, 1273, 711)
2025-08-20 15:32:16,077 - root - INFO - Detected bed conf=0.46 bbox=(2, 520, 1272, 712)
2025-08-20 15:32:16,078 - root - INFO - Detected person conf=0.44 bbox=(512, 328, 905, 693)
2025-08-20 15:32:16,242 - root - INFO - Detected person conf=0.45 bbox=(520, 326, 908, 692)
2025-08-20 15:32:16,257 - root - INFO - Detected bed conf=0.45 bbox=(2, 518, 1273, 711)
2025-08-20 15:32:16,431 - root - INFO - Detected bed conf=0.41 bbox=(2, 517, 1272, 712)
2025-08-20 15:32:16,619 - root - INFO - Detected bed conf=0.40 bbox=(1, 516, 1274, 712)
2025-08-20 15:32:16,790 - root - INFO - Detected person conf=0.52 bbox=(519, 325, 901, 690)
2025-08-20 15:32:16,791 - root - INFO - Detected bed conf=0.42 bbox=(2, 514, 1272, 711)
2025-08-20 15:32:16,961 - root - INFO - Detected person conf=0.68 bbox=(523, 324, 892, 686)
2025-08-20 15:32:16,962 - root - INFO - Detected bed conf=0.41 bbox=(2, 514, 1271, 711)
2025-08-20 15:32:17,151 - root - INFO - Detected person conf=0.52 bbox=(523, 325, 893, 690)
2025-08-20 15:32:17,152 - root - INFO - Detected bed conf=0.45 bbox=(1, 520, 1271, 711)
2025-08-20 15:32:17,223 - werkzeug - INFO - 127.0.0.1 - - [20/Aug/2025 15:32:17] "GET /api/camera-status HTTP/1.1" 200 -
2025-08-20 15:32:17,319 - root - INFO - Detected person conf=0.64 bbox=(521, 324, 895, 689)
2025-08-20 15:32:17,319 - root - INFO - Detected bed conf=0.44 bbox=(1, 517, 1273, 712)
2025-08-20 15:32:17,494 - root - INFO - Detected person conf=0.45 bbox=(521, 323, 893, 692)
2025-08-20 15:32:17,495 - root - INFO - Detected bed conf=0.44 bbox=(1, 511, 1272, 711)
2025-08-20 15:32:17,676 - root - INFO - Detected person conf=0.65 bbox=(523, 323, 899, 688)
2025-08-20 15:32:17,676 - root - INFO - Detected bed conf=0.45 bbox=(2, 515, 1270, 711)
2025-08-20 15:32:18,130 - camera_service - INFO - Camera service stopped
2025-08-20 15:32:18,131 - werkzeug - INFO - 127.0.0.1 - - [20/Aug/2025 15:32:18] "POST /api/stop HTTP/1.1" 200 -
2025-08-20 15:32:18,219 - werkzeug - INFO - 127.0.0.1 - - [20/Aug/2025 15:32:18] "GET /api/camera-status HTTP/1.1" 200 -
2025-08-20 15:32:20,020 - werkzeug - INFO - 127.0.0.1 - - [20/Aug/2025 15:32:20] "OPTIONS /api/start HTTP/1.1" 200 -
2025-08-20 15:32:21,014 - camera_service - INFO - Camera service started
2025-08-20 15:32:21,015 - alarm - WARNING - Failed to load alarm sound alarm.wav: Unknown WAVE format
2025-08-20 15:32:21,016 - werkzeug - INFO - 127.0.0.1 - - [20/Aug/2025 15:32:21] "POST /api/start HTTP/1.1" 200 -
2025-08-20 15:32:21,019 - alarm - INFO - Using fallback alarm sound: C:\Users\apurv\Documents\ManTion\venv\lib\site-packages\pygame\examples\data\boom.wav
2025-08-20 15:32:21,159 - detector - INFO - YOLO models loaded: det=models/yolov8n.pt, pose=models/yolov8n-pose.pt, device=cpu
2025-08-20 15:32:22,052 - werkzeug - INFO - 127.0.0.1 - - [20/Aug/2025 15:32:22] "GET /api/camera-status HTTP/1.1" 200 -
2025-08-20 15:32:22,602 - camera_service - INFO - Camera opened on index 0
2025-08-20 15:32:22,973 - root - INFO - Detected person conf=0.69 bbox=(399, 334, 890, 716)
2025-08-20 15:32:23,210 - root - INFO - Detected person conf=0.50 bbox=(537, 334, 891, 715)
2025-08-20 15:32:23,353 - werkzeug - INFO - 127.0.0.1 - - [20/Aug/2025 15:32:23] "GET /api/camera-status HTTP/1.1" 200 -
2025-08-20 15:32:23,375 - root - INFO - Detected bed conf=0.41 bbox=(6, 504, 1251, 713)
2025-08-20 15:32:23,546 - root - INFO - Detected person conf=0.65 bbox=(400, 336, 895, 717)
2025-08-20 15:32:23,719 - root - INFO - Detected person conf=0.46 bbox=(397, 337, 1213, 717)
2025-08-20 15:32:23,879 - root - INFO - Detected person conf=0.41 bbox=(396, 336, 1212, 717)
2025-08-20 15:32:24,033 - root - INFO - Detected person conf=0.43 bbox=(396, 336, 1211, 717)
2025-08-20 15:32:24,052 - werkzeug - INFO - 127.0.0.1 - - [20/Aug/2025 15:32:24] "GET /api/camera-status HTTP/1.1" 200 -
2025-08-20 15:32:24,190 - root - INFO - Detected person conf=0.56 bbox=(391, 336, 1218, 717)
2025-08-20 15:32:24,191 - root - INFO - Detected bed conf=0.43 bbox=(3, 507, 1267, 711)
2025-08-20 15:32:24,353 - root - INFO - Detected person conf=0.58 bbox=(392, 337, 1221, 717)
2025-08-20 15:32:24,524 - root - INFO - Detected person conf=0.71 bbox=(403, 337, 889, 715)
2025-08-20 15:32:24,525 - root - INFO - Detected bed conf=0.40 bbox=(5, 503, 1260, 713)
2025-08-20 15:32:24,701 - root - INFO - Detected person conf=0.68 bbox=(399, 337, 888, 715)
2025-08-20 15:32:24,857 - root - INFO - Detected person conf=0.49 bbox=(409, 336, 899, 716)
2025-08-20 15:32:25,015 - root - INFO - Detected person conf=0.60 bbox=(399, 337, 896, 716)
2025-08-20 15:32:25,178 - root - INFO - Detected person conf=0.58 bbox=(401, 338, 890, 716)
2025-08-20 15:32:25,341 - root - INFO - Detected person conf=0.63 bbox=(397, 338, 891, 715)
2025-08-20 15:32:25,344 - werkzeug - INFO - 127.0.0.1 - - [20/Aug/2025 15:32:25] "GET /api/camera-status HTTP/1.1" 200 -
2025-08-20 15:32:25,518 - root - INFO - Detected person conf=0.61 bbox=(397, 340, 898, 715)
2025-08-20 15:32:25,681 - root - INFO - Detected person conf=0.57 bbox=(405, 341, 889, 715)
2025-08-20 15:32:25,996 - root - INFO - Detected person conf=0.42 bbox=(410, 340, 901, 716)
2025-08-20 15:32:26,047 - werkzeug - INFO - 127.0.0.1 - - [20/Aug/2025 15:32:26] "GET /api/camera-status HTTP/1.1" 200 -
2025-08-20 15:32:26,629 - root - INFO - Detected person conf=0.41 bbox=(397, 338, 908, 716)
2025-08-20 15:32:26,781 - root - INFO - Detected person conf=0.60 bbox=(396, 337, 893, 716)
2025-08-20 15:32:26,938 - root - INFO - Detected person conf=0.42 bbox=(414, 337, 900, 716)
2025-08-20 15:32:27,095 - root - INFO - Detected person conf=0.43 bbox=(404, 336, 904, 715)
2025-08-20 15:32:27,252 - root - INFO - Detected person conf=0.42 bbox=(408, 336, 906, 716)
2025-08-20 15:32:27,355 - werkzeug - INFO - 127.0.0.1 - - [20/Aug/2025 15:32:27] "GET /api/camera-status HTTP/1.1" 200 -
2025-08-20 15:32:27,416 - root - INFO - Detected person conf=0.49 bbox=(403, 337, 898, 716)
2025-08-20 15:32:27,417 - root - INFO - Detected bed conf=0.40 bbox=(3, 514, 1266, 710)
2025-08-20 15:32:27,575 - root - INFO - Detected bed conf=0.43 bbox=(3, 512, 1268, 710)
2025-08-20 15:32:27,725 - root - INFO - Detected bed conf=0.41 bbox=(5, 518, 1249, 712)
2025-08-20 15:32:27,881 - root - INFO - Detected person conf=0.44 bbox=(505, 336, 903, 717)
2025-08-20 15:32:27,882 - root - INFO - Detected bed conf=0.41 bbox=(6, 516, 1255, 712)
2025-08-20 15:32:28,033 - root - INFO - Detected person conf=0.49 bbox=(518, 336, 896, 716)
2025-08-20 15:32:28,034 - root - INFO - Detected bed conf=0.40 bbox=(7, 520, 1253, 712)
2025-08-20 15:32:28,047 - werkzeug - INFO - 127.0.0.1 - - [20/Aug/2025 15:32:28] "GET /api/camera-status HTTP/1.1" 200 -
2025-08-20 15:32:28,199 - root - INFO - Detected person conf=0.54 bbox=(400, 337, 904, 716)
2025-08-20 15:32:28,363 - root - INFO - Detected person conf=0.56 bbox=(437, 336, 895, 716)
2025-08-20 15:32:28,364 - root - INFO - Detected bed conf=0.43 bbox=(6, 508, 1249, 712)
2025-08-20 15:32:28,528 - root - INFO - Detected person conf=0.47 bbox=(404, 336, 908, 716)
2025-08-20 15:32:28,529 - root - INFO - Detected bed conf=0.42 bbox=(1, 505, 1265, 712)
2025-08-20 15:32:28,681 - root - INFO - Detected person conf=0.49 bbox=(411, 337, 904, 716)
2025-08-20 15:32:28,831 - root - INFO - Detected person conf=0.47 bbox=(399, 337, 909, 716)
2025-08-20 15:32:29,008 - root - INFO - Detected person conf=0.47 bbox=(418, 337, 897, 716)
2025-08-20 15:32:29,166 - root - INFO - Detected person conf=0.55 bbox=(393, 339, 1210, 717)
2025-08-20 15:32:29,167 - root - INFO - Detected bed conf=0.40 bbox=(2, 505, 1263, 713)
2025-08-20 15:32:29,335 - root - INFO - Detected person conf=0.60 bbox=(389, 340, 1208, 716)
2025-08-20 15:32:29,360 - werkzeug - INFO - 127.0.0.1 - - [20/Aug/2025 15:32:29] "GET /api/camera-status HTTP/1.1" 200 -
2025-08-20 15:32:29,497 - root - INFO - Detected person conf=0.50 bbox=(386, 340, 1204, 716)
2025-08-20 15:32:29,499 - root - INFO - Detected bed conf=0.42 bbox=(4, 521, 1266, 710)
2025-08-20 15:32:29,665 - root - INFO - Detected person conf=0.42 bbox=(390, 337, 1209, 717)
2025-08-20 15:32:29,821 - root - INFO - Detected person conf=0.50 bbox=(408, 337, 894, 716)
2025-08-20 15:32:29,821 - root - INFO - Detected bed conf=0.41 bbox=(5, 515, 1254, 712)
2025-08-20 15:32:29,990 - root - INFO - Detected person conf=0.45 bbox=(391, 336, 1208, 716)
2025-08-20 15:32:29,991 - root - INFO - Detected person conf=0.41 bbox=(399, 336, 914, 716)
2025-08-20 15:32:30,043 - werkzeug - INFO - 127.0.0.1 - - [20/Aug/2025 15:32:30] "GET /api/camera-status HTTP/1.1" 200 -
2025-08-20 15:32:30,151 - root - INFO - Detected person conf=0.45 bbox=(408, 335, 899, 716)
2025-08-20 15:32:30,305 - root - INFO - Detected person conf=0.48 bbox=(402, 334, 900, 716)
2025-08-20 15:32:30,306 - root - INFO - Detected person conf=0.40 bbox=(387, 334, 1205, 716)
2025-08-20 15:32:30,476 - root - INFO - Detected person conf=0.49 bbox=(404, 334, 903, 716)
2025-08-20 15:32:30,648 - root - INFO - Detected person conf=0.50 bbox=(394, 334, 1217, 716)
2025-08-20 15:32:30,819 - root - INFO - Detected person conf=0.43 bbox=(356, 335, 1242, 715)
2025-08-20 15:32:30,974 - root - INFO - Detected person conf=0.43 bbox=(386, 335, 1210, 716)
2025-08-20 15:32:31,132 - root - INFO - Detected person conf=0.46 bbox=(386, 333, 1219, 716)
2025-08-20 15:32:31,133 - root - INFO - Detected bed conf=0.40 bbox=(3, 516, 1263, 710)
2025-08-20 15:32:31,293 - root - INFO - Detected person conf=0.41 bbox=(381, 335, 1218, 716)
2025-08-20 15:32:31,351 - werkzeug - INFO - 127.0.0.1 - - [20/Aug/2025 15:32:31] "GET /api/camera-status HTTP/1.1" 200 -
2025-08-20 15:32:31,450 - root - INFO - Detected person conf=0.48 bbox=(390, 334, 1222, 717)
2025-08-20 15:32:31,608 - root - INFO - Detected bed conf=0.40 bbox=(2, 504, 1262, 712)
2025-08-20 15:32:31,762 - root - INFO - Detected person conf=0.48 bbox=(396, 335, 906, 716)
2025-08-20 15:32:31,763 - root - INFO - Detected person conf=0.41 bbox=(389, 336, 1210, 716)
2025-08-20 15:32:31,921 - root - INFO - Detected bed conf=0.45 bbox=(6, 504, 1257, 712)
2025-08-20 15:32:31,921 - root - INFO - Detected person conf=0.41 bbox=(422, 334, 895, 716)
2025-08-20 15:32:32,062 - werkzeug - INFO - 127.0.0.1 - - [20/Aug/2025 15:32:32] "GET /api/camera-status HTTP/1.1" 200 -
2025-08-20 15:32:32,082 - root - INFO - Detected person conf=0.42 bbox=(401, 333, 906, 716)
2025-08-20 15:32:32,248 - root - INFO - Detected person conf=0.48 bbox=(535, 335, 889, 715)
2025-08-20 15:32:32,248 - root - INFO - Detected bed conf=0.47 bbox=(3, 518, 1252, 712)
2025-08-20 15:32:32,410 - root - INFO - Detected person conf=0.57 bbox=(401, 338, 887, 715)
2025-08-20 15:32:32,411 - root - INFO - Detected bed conf=0.44 bbox=(4, 516, 1260, 710)
2025-08-20 15:32:32,577 - root - INFO - Detected person conf=0.71 bbox=(390, 340, 888, 715)
2025-08-20 15:32:33,012 - camera_service - INFO - Camera service stopped
2025-08-20 15:32:33,013 - werkzeug - INFO - 127.0.0.1 - - [20/Aug/2025 15:32:33] "POST /api/stop HTTP/1.1" 200 -
2025-08-20 15:33:21,270 - werkzeug - INFO - [31m[1mWARNING: This is a development server. Do not use it in a production deployment. Use a production WSGI server instead.[0m
 * Running on all addresses (0.0.0.0)
 * Running on http://127.0.0.1:5000
 * Running on http://192.168.101.4:5000
2025-08-20 15:33:21,270 - werkzeug - INFO - [33mPress CTRL+C to quit[0m
2025-08-20 15:33:22,491 - werkzeug - INFO - 127.0.0.1 - - [20/Aug/2025 15:33:22] "GET /api/settings HTTP/1.1" 200 -
2025-08-20 15:33:22,492 - werkzeug - INFO - 127.0.0.1 - - [20/Aug/2025 15:33:22] "GET /api/status HTTP/1.1" 200 -
2025-08-20 15:33:22,757 - werkzeug - INFO - 127.0.0.1 - - [20/Aug/2025 15:33:22] "GET /api/settings HTTP/1.1" 200 -
2025-08-20 15:33:22,803 - werkzeug - INFO - 127.0.0.1 - - [20/Aug/2025 15:33:22] "GET /api/status HTTP/1.1" 200 -
2025-08-20 15:33:35,808 - werkzeug - INFO - 127.0.0.1 - - [20/Aug/2025 15:33:35] "GET /api/cameras HTTP/1.1" 200 -
2025-08-20 15:33:49,260 - werkzeug - INFO - 127.0.0.1 - - [20/Aug/2025 15:33:49] "OPTIONS /api/settings HTTP/1.1" 200 -
2025-08-20 15:33:49,524 - werkzeug - INFO - 127.0.0.1 - - [20/Aug/2025 15:33:49] "POST /api/settings HTTP/1.1" 200 -
2025-08-20 15:33:51,166 - werkzeug - INFO - 127.0.0.1 - - [20/Aug/2025 15:33:51] "OPTIONS /api/start HTTP/1.1" 200 -
2025-08-20 15:33:52,190 - camera_service - INFO - Camera service started
2025-08-20 15:33:52,192 - werkzeug - INFO - 127.0.0.1 - - [20/Aug/2025 15:33:52] "POST /api/start HTTP/1.1" 200 -
2025-08-20 15:33:52,192 - alarm - WARNING - Failed to load alarm sound alarm.wav: Unknown WAVE format
2025-08-20 15:33:52,193 - alarm - INFO - Using fallback alarm sound: C:\Users\apurv\Documents\ManTion\venv\lib\site-packages\pygame\examples\data\boom.wav
2025-08-20 15:33:52,424 - detector - INFO - YOLO models loaded: det=models/yolov8n.pt, pose=models/yolov8n-pose.pt, device=cpu
2025-08-20 15:33:53,205 - werkzeug - INFO - 127.0.0.1 - - [20/Aug/2025 15:33:53] "GET /api/camera-status HTTP/1.1" 200 -
2025-08-20 15:33:53,983 - camera_service - INFO - Camera opened on index 0
2025-08-20 15:33:54,528 - werkzeug - INFO - 127.0.0.1 - - [20/Aug/2025 15:33:54] "GET /api/camera-status HTTP/1.1" 200 -
2025-08-20 15:33:55,213 - werkzeug - INFO - 127.0.0.1 - - [20/Aug/2025 15:33:55] "GET /api/camera-status HTTP/1.1" 200 -
2025-08-20 15:33:56,550 - werkzeug - INFO - 127.0.0.1 - - [20/Aug/2025 15:33:56] "GET /api/camera-status HTTP/1.1" 200 -
2025-08-20 15:33:56,842 - root - INFO - Detected person conf=0.53 bbox=(541, 343, 1269, 713)
2025-08-20 15:33:57,014 - camera_service - ERROR - Error in camera detection loop: 'CameraService' object has no attribute '_draw_line_status'
Traceback (most recent call last):
  File "C:\Users\apurv\Documents\ManTion\camera_service.py", line 186, in _run_detection
    processed = self._draw_line_status(processed, self.line.is_running())
AttributeError: 'CameraService' object has no attribute '_draw_line_status'
2025-08-20 15:33:57,205 - werkzeug - INFO - 127.0.0.1 - - [20/Aug/2025 15:33:57] "GET /api/camera-status HTTP/1.1" 200 -
2025-08-20 15:33:57,343 - camera_service - INFO - Camera service stopped
2025-08-20 15:33:58,536 - werkzeug - INFO - 127.0.0.1 - - [20/Aug/2025 15:33:58] "GET /api/camera-status HTTP/1.1" 200 -
2025-08-20 15:33:59,214 - werkzeug - INFO - 127.0.0.1 - - [20/Aug/2025 15:33:59] "GET /api/camera-status HTTP/1.1" 200 -
2025-08-20 15:34:00,511 - werkzeug - INFO - 127.0.0.1 - - [20/Aug/2025 15:34:00] "GET /api/camera-status HTTP/1.1" 200 -
2025-08-20 15:34:01,209 - werkzeug - INFO - 127.0.0.1 - - [20/Aug/2025 15:34:01] "GET /api/camera-status HTTP/1.1" 200 -
2025-08-20 15:34:02,518 - werkzeug - INFO - 127.0.0.1 - - [20/Aug/2025 15:34:02] "GET /api/camera-status HTTP/1.1" 200 -
2025-08-20 15:34:03,205 - werkzeug - INFO - 127.0.0.1 - - [20/Aug/2025 15:34:03] "GET /api/camera-status HTTP/1.1" 200 -
2025-08-20 15:34:04,502 - camera_service - INFO - Camera service stopped
2025-08-20 15:34:04,504 - werkzeug - INFO - 127.0.0.1 - - [20/Aug/2025 15:34:04] "POST /api/stop HTTP/1.1" 200 -
2025-08-20 15:34:04,571 - werkzeug - INFO - 127.0.0.1 - - [20/Aug/2025 15:34:04] "GET /api/camera-status HTTP/1.1" 200 -
2025-08-20 15:34:11,104 - werkzeug - INFO - 127.0.0.1 - - [20/Aug/2025 15:34:11] "OPTIONS /api/start HTTP/1.1" 200 -
2025-08-20 15:34:11,422 - camera_service - INFO - Camera service started
2025-08-20 15:34:11,422 - alarm - WARNING - Failed to load alarm sound alarm.wav: Unknown WAVE format
2025-08-20 15:34:11,422 - werkzeug - INFO - 127.0.0.1 - - [20/Aug/2025 15:34:11] "POST /api/start HTTP/1.1" 200 -
2025-08-20 15:34:11,423 - alarm - INFO - Using fallback alarm sound: C:\Users\apurv\Documents\ManTion\venv\lib\site-packages\pygame\examples\data\boom.wav
2025-08-20 15:34:11,586 - detector - INFO - YOLO models loaded: det=models/yolov8n.pt, pose=models/yolov8n-pose.pt, device=cpu
2025-08-20 15:34:12,435 - werkzeug - INFO - 127.0.0.1 - - [20/Aug/2025 15:34:12] "GET /api/camera-status HTTP/1.1" 200 -
2025-08-20 15:34:13,136 - camera_service - INFO - Camera opened on index 0
2025-08-20 15:34:13,586 - root - INFO - Detected person conf=0.62 bbox=(496, 345, 1268, 714)
2025-08-20 15:34:13,588 - root - INFO - Detected bed conf=0.42 bbox=(8, 526, 1266, 712)
2025-08-20 15:34:13,741 - camera_service - ERROR - Error in camera detection loop: 'CameraService' object has no attribute '_draw_line_status'
Traceback (most recent call last):
  File "C:\Users\apurv\Documents\ManTion\camera_service.py", line 186, in _run_detection
    processed = self._draw_line_status(processed, self.line.is_running())
AttributeError: 'CameraService' object has no attribute '_draw_line_status'
2025-08-20 15:34:13,747 - werkzeug - INFO - 127.0.0.1 - - [20/Aug/2025 15:34:13] "GET /api/camera-status HTTP/1.1" 200 -
2025-08-20 15:34:14,063 - camera_service - INFO - Camera service stopped
2025-08-20 15:34:14,444 - werkzeug - INFO - 127.0.0.1 - - [20/Aug/2025 15:34:14] "GET /api/camera-status HTTP/1.1" 200 -
2025-08-20 15:34:15,747 - werkzeug - INFO - 127.0.0.1 - - [20/Aug/2025 15:34:15] "GET /api/camera-status HTTP/1.1" 200 -
2025-08-20 15:34:16,350 - camera_service - INFO - Camera service stopped
2025-08-20 15:34:16,351 - werkzeug - INFO - 127.0.0.1 - - [20/Aug/2025 15:34:16] "POST /api/stop HTTP/1.1" 200 -
2025-08-20 15:35:58,972 - werkzeug - INFO - [31m[1mWARNING: This is a development server. Do not use it in a production deployment. Use a production WSGI server instead.[0m
 * Running on all addresses (0.0.0.0)
 * Running on http://127.0.0.1:5000
 * Running on http://192.168.101.4:5000
2025-08-20 15:35:58,972 - werkzeug - INFO - [33mPress CTRL+C to quit[0m
2025-08-20 15:36:03,011 - werkzeug - INFO - 127.0.0.1 - - [20/Aug/2025 15:36:03] "GET /api/settings HTTP/1.1" 200 -
2025-08-20 15:36:03,013 - werkzeug - INFO - 127.0.0.1 - - [20/Aug/2025 15:36:03] "GET /api/status HTTP/1.1" 200 -
2025-08-20 15:36:03,277 - werkzeug - INFO - 127.0.0.1 - - [20/Aug/2025 15:36:03] "GET /api/settings HTTP/1.1" 200 -
2025-08-20 15:36:03,325 - werkzeug - INFO - 127.0.0.1 - - [20/Aug/2025 15:36:03] "GET /api/status HTTP/1.1" 200 -
2025-08-20 15:36:08,486 - werkzeug - INFO - 127.0.0.1 - - [20/Aug/2025 15:36:08] "OPTIONS /api/start HTTP/1.1" 200 -
2025-08-20 15:36:09,490 - camera_service - INFO - Camera service started
2025-08-20 15:36:09,491 - alarm - WARNING - Failed to load alarm sound alarm.wav: Unknown WAVE format
2025-08-20 15:36:09,492 - werkzeug - INFO - 127.0.0.1 - - [20/Aug/2025 15:36:09] "POST /api/start HTTP/1.1" 200 -
2025-08-20 15:36:09,493 - alarm - INFO - Using fallback alarm sound: C:\Users\apurv\Documents\ManTion\venv\lib\site-packages\pygame\examples\data\boom.wav
2025-08-20 15:36:09,649 - detector - INFO - YOLO models loaded: det=models/yolov8n.pt, pose=models/yolov8n-pose.pt, device=cpu
2025-08-20 15:36:10,516 - werkzeug - INFO - 127.0.0.1 - - [20/Aug/2025 15:36:10] "GET /api/camera-status HTTP/1.1" 200 -
2025-08-20 15:36:11,350 - camera_service - INFO - Camera opened on index 0
2025-08-20 15:36:11,820 - werkzeug - INFO - 127.0.0.1 - - [20/Aug/2025 15:36:11] "GET /api/camera-status HTTP/1.1" 200 -
2025-08-20 15:36:12,087 - root - INFO - Detected person conf=0.46 bbox=(529, 342, 1207, 710)
2025-08-20 15:36:12,245 - camera_service - ERROR - Error in camera detection loop: 'CameraService' object has no attribute '_draw_line_status'
Traceback (most recent call last):
  File "C:\Users\apurv\Documents\ManTion\camera_service.py", line 186, in _run_detection
    if hands:
AttributeError: 'CameraService' object has no attribute '_draw_line_status'
2025-08-20 15:36:12,505 - werkzeug - INFO - 127.0.0.1 - - [20/Aug/2025 15:36:12] "GET /api/camera-status HTTP/1.1" 200 -
2025-08-20 15:36:12,545 - camera_service - INFO - Camera service stopped
2025-08-20 15:36:13,809 - werkzeug - INFO - 127.0.0.1 - - [20/Aug/2025 15:36:13] "GET /api/camera-status HTTP/1.1" 200 -
2025-08-20 15:36:14,514 - werkzeug - INFO - 127.0.0.1 - - [20/Aug/2025 15:36:14] "GET /api/camera-status HTTP/1.1" 200 -
2025-08-20 15:36:15,824 - werkzeug - INFO - 127.0.0.1 - - [20/Aug/2025 15:36:15] "GET /api/camera-status HTTP/1.1" 200 -
2025-08-20 15:36:16,502 - werkzeug - INFO - 127.0.0.1 - - [20/Aug/2025 15:36:16] "GET /api/camera-status HTTP/1.1" 200 -
2025-08-20 15:36:17,814 - werkzeug - INFO - 127.0.0.1 - - [20/Aug/2025 15:36:17] "GET /api/camera-status HTTP/1.1" 200 -
2025-08-20 15:36:18,509 - werkzeug - INFO - 127.0.0.1 - - [20/Aug/2025 15:36:18] "GET /api/camera-status HTTP/1.1" 200 -
2025-08-20 15:36:19,516 - werkzeug - INFO - 127.0.0.1 - - [20/Aug/2025 15:36:19] "GET /api/camera-status HTTP/1.1" 200 -
2025-08-20 15:36:20,806 - werkzeug - INFO - 127.0.0.1 - - [20/Aug/2025 15:36:20] "GET /api/camera-status HTTP/1.1" 200 -
2025-08-20 15:36:21,811 - werkzeug - INFO - 127.0.0.1 - - [20/Aug/2025 15:36:21] "GET /api/camera-status HTTP/1.1" 200 -
2025-08-20 15:36:22,822 - werkzeug - INFO - 127.0.0.1 - - [20/Aug/2025 15:36:22] "GET /api/camera-status HTTP/1.1" 200 -
2025-08-20 15:36:23,820 - werkzeug - INFO - 127.0.0.1 - - [20/Aug/2025 15:36:23] "GET /api/camera-status HTTP/1.1" 200 -
2025-08-20 15:36:24,810 - werkzeug - INFO - 127.0.0.1 - - [20/Aug/2025 15:36:24] "GET /api/camera-status HTTP/1.1" 200 -
2025-08-20 15:36:25,822 - werkzeug - INFO - 127.0.0.1 - - [20/Aug/2025 15:36:25] "GET /api/camera-status HTTP/1.1" 200 -
2025-08-20 15:36:26,815 - werkzeug - INFO - 127.0.0.1 - - [20/Aug/2025 15:36:26] "GET /api/camera-status HTTP/1.1" 200 -
2025-08-20 15:36:27,653 - werkzeug - INFO - 127.0.0.1 - - [20/Aug/2025 15:36:27] "GET /api/cameras HTTP/1.1" 200 -
2025-08-20 15:36:27,812 - werkzeug - INFO - 127.0.0.1 - - [20/Aug/2025 15:36:27] "GET /api/camera-status HTTP/1.1" 200 -
2025-08-20 15:36:28,829 - werkzeug - INFO - 127.0.0.1 - - [20/Aug/2025 15:36:28] "GET /api/camera-status HTTP/1.1" 200 -
2025-08-20 15:36:29,516 - werkzeug - INFO - 127.0.0.1 - - [20/Aug/2025 15:36:29] "GET /api/camera-status HTTP/1.1" 200 -
2025-08-20 15:36:30,822 - werkzeug - INFO - 127.0.0.1 - - [20/Aug/2025 15:36:30] "GET /api/camera-status HTTP/1.1" 200 -
2025-08-20 15:36:31,503 - werkzeug - INFO - 127.0.0.1 - - [20/Aug/2025 15:36:31] "GET /api/camera-status HTTP/1.1" 200 -
2025-08-20 15:36:32,818 - werkzeug - INFO - 127.0.0.1 - - [20/Aug/2025 15:36:32] "GET /api/camera-status HTTP/1.1" 200 -
2025-08-20 15:36:33,418 - werkzeug - INFO - 127.0.0.1 - - [20/Aug/2025 15:36:33] "OPTIONS /api/settings HTTP/1.1" 200 -
2025-08-20 15:36:33,736 - werkzeug - INFO - 127.0.0.1 - - [20/Aug/2025 15:36:33] "POST /api/settings HTTP/1.1" 200 -
2025-08-20 15:36:33,814 - werkzeug - INFO - 127.0.0.1 - - [20/Aug/2025 15:36:33] "GET /api/camera-status HTTP/1.1" 200 -
2025-08-20 15:36:34,517 - werkzeug - INFO - 127.0.0.1 - - [20/Aug/2025 15:36:34] "GET /api/camera-status HTTP/1.1" 200 -
2025-08-20 15:36:35,808 - werkzeug - INFO - 127.0.0.1 - - [20/Aug/2025 15:36:35] "GET /api/camera-status HTTP/1.1" 200 -
2025-08-20 15:36:36,059 - camera_service - INFO - Camera service stopped
2025-08-20 15:36:36,060 - werkzeug - INFO - 127.0.0.1 - - [20/Aug/2025 15:36:36] "POST /api/stop HTTP/1.1" 200 -
2025-08-20 15:36:37,002 - werkzeug - INFO - 127.0.0.1 - - [20/Aug/2025 15:36:37] "OPTIONS /api/start HTTP/1.1" 200 -
2025-08-20 15:36:38,018 - alarm - WARNING - Failed to load alarm sound alarm.wav: Unknown WAVE format
2025-08-20 15:36:38,019 - camera_service - INFO - Camera service started
2025-08-20 15:36:38,020 - alarm - INFO - Using fallback alarm sound: C:\Users\apurv\Documents\ManTion\venv\lib\site-packages\pygame\examples\data\boom.wav
2025-08-20 15:36:38,021 - werkzeug - INFO - 127.0.0.1 - - [20/Aug/2025 15:36:38] "POST /api/start HTTP/1.1" 200 -
2025-08-20 15:36:38,278 - detector - INFO - YOLO models loaded: det=models/yolov8n.pt, pose=models/yolov8n-pose.pt, device=cpu
2025-08-20 15:36:39,047 - werkzeug - INFO - 127.0.0.1 - - [20/Aug/2025 15:36:39] "GET /api/camera-status HTTP/1.1" 200 -
2025-08-20 15:36:39,851 - camera_service - INFO - Camera opened on index 0
2025-08-20 15:36:40,347 - werkzeug - INFO - 127.0.0.1 - - [20/Aug/2025 15:36:40] "GET /api/camera-status HTTP/1.1" 200 -
2025-08-20 15:36:40,444 - root - INFO - Detected person conf=0.66 bbox=(508, 349, 1213, 714)
2025-08-20 15:36:40,599 - camera_service - ERROR - Error in camera detection loop: 'CameraService' object has no attribute '_draw_line_status'
Traceback (most recent call last):
  File "C:\Users\apurv\Documents\ManTion\camera_service.py", line 186, in _run_detection
    if hands:
AttributeError: 'CameraService' object has no attribute '_draw_line_status'
2025-08-20 15:36:40,914 - camera_service - INFO - Camera service stopped
2025-08-20 15:36:41,041 - werkzeug - INFO - 127.0.0.1 - - [20/Aug/2025 15:36:41] "GET /api/camera-status HTTP/1.1" 200 -
2025-08-20 15:36:42,361 - werkzeug - INFO - 127.0.0.1 - - [20/Aug/2025 15:36:42] "GET /api/camera-status HTTP/1.1" 200 -
2025-08-20 15:36:42,821 - camera_service - INFO - Camera service stopped
2025-08-20 15:36:42,834 - werkzeug - INFO - 127.0.0.1 - - [20/Aug/2025 15:36:42] "POST /api/stop HTTP/1.1" 200 -
2025-08-20 15:39:25,593 - werkzeug - INFO - 127.0.0.1 - - [20/Aug/2025 15:39:25] "OPTIONS /api/start HTTP/1.1" 200 -
2025-08-20 15:39:26,544 - camera_service - INFO - Camera service started
2025-08-20 15:39:26,547 - werkzeug - INFO - 127.0.0.1 - - [20/Aug/2025 15:39:26] "POST /api/start HTTP/1.1" 200 -
2025-08-20 15:39:26,547 - alarm - WARNING - Failed to load alarm sound alarm.wav: Unknown WAVE format
2025-08-20 15:39:26,548 - alarm - INFO - Using fallback alarm sound: C:\Users\apurv\Documents\ManTion\venv\lib\site-packages\pygame\examples\data\boom.wav
2025-08-20 15:39:26,780 - detector - INFO - YOLO models loaded: det=models/yolov8n.pt, pose=models/yolov8n-pose.pt, device=cpu
2025-08-20 15:39:27,568 - werkzeug - INFO - 127.0.0.1 - - [20/Aug/2025 15:39:27] "GET /api/camera-status HTTP/1.1" 200 -
2025-08-20 15:39:28,462 - camera_service - INFO - Camera opened on index 0
2025-08-20 15:39:28,876 - werkzeug - INFO - 127.0.0.1 - - [20/Aug/2025 15:39:28] "GET /api/camera-status HTTP/1.1" 200 -
2025-08-20 15:39:29,030 - root - INFO - Detected person conf=0.86 bbox=(189, 87, 1261, 717)
2025-08-20 15:39:29,183 - camera_service - ERROR - Error in camera detection loop: 'CameraService' object has no attribute '_draw_line_status'
Traceback (most recent call last):
  File "C:\Users\apurv\Documents\ManTion\camera_service.py", line 186, in _run_detection
    state_text = ""
AttributeError: 'CameraService' object has no attribute '_draw_line_status'
2025-08-20 15:39:29,526 - camera_service - INFO - Camera service stopped
2025-08-20 15:39:29,574 - werkzeug - INFO - 127.0.0.1 - - [20/Aug/2025 15:39:29] "GET /api/camera-status HTTP/1.1" 200 -
2025-08-20 15:39:30,875 - werkzeug - INFO - 127.0.0.1 - - [20/Aug/2025 15:39:30] "GET /api/camera-status HTTP/1.1" 200 -
2025-08-20 15:39:31,563 - werkzeug - INFO - 127.0.0.1 - - [20/Aug/2025 15:39:31] "GET /api/camera-status HTTP/1.1" 200 -
2025-08-20 15:39:32,871 - camera_service - INFO - Camera service stopped
2025-08-20 15:39:32,873 - werkzeug - INFO - 127.0.0.1 - - [20/Aug/2025 15:39:32] "POST /api/stop HTTP/1.1" 200 -
2025-08-20 15:39:32,951 - werkzeug - INFO - 127.0.0.1 - - [20/Aug/2025 15:39:32] "GET /api/camera-status HTTP/1.1" 200 -
2025-08-20 15:45:06,517 - werkzeug - INFO - [31m[1mWARNING: This is a development server. Do not use it in a production deployment. Use a production WSGI server instead.[0m
 * Running on all addresses (0.0.0.0)
 * Running on http://127.0.0.1:5000
 * Running on http://192.168.101.4:5000
2025-08-20 15:45:06,518 - werkzeug - INFO - [33mPress CTRL+C to quit[0m
2025-08-20 15:45:14,656 - werkzeug - INFO - 127.0.0.1 - - [20/Aug/2025 15:45:14] "[33mGET / HTTP/1.1[0m" 404 -
2025-08-20 15:45:14,727 - werkzeug - INFO - 127.0.0.1 - - [20/Aug/2025 15:45:14] "[33mGET /favicon.ico HTTP/1.1[0m" 404 -
2025-08-20 15:45:15,469 - werkzeug - INFO - 127.0.0.1 - - [20/Aug/2025 15:45:15] "[33mGET / HTTP/1.1[0m" 404 -
2025-08-20 15:45:15,733 - werkzeug - INFO - 127.0.0.1 - - [20/Aug/2025 15:45:15] "[33mGET / HTTP/1.1[0m" 404 -
2025-08-20 15:45:15,775 - werkzeug - INFO - 127.0.0.1 - - [20/Aug/2025 15:45:15] "[33mGET /favicon.ico HTTP/1.1[0m" 404 -
2025-08-20 15:45:16,116 - werkzeug - INFO - 127.0.0.1 - - [20/Aug/2025 15:45:16] "[33mGET /favicon.ico HTTP/1.1[0m" 404 -
2025-08-20 15:46:28,341 - werkzeug - INFO - 127.0.0.1 - - [20/Aug/2025 15:46:28] "GET /api/settings HTTP/1.1" 200 -
2025-08-20 15:46:28,342 - werkzeug - INFO - 127.0.0.1 - - [20/Aug/2025 15:46:28] "GET /api/status HTTP/1.1" 200 -
2025-08-20 15:46:28,607 - werkzeug - INFO - 127.0.0.1 - - [20/Aug/2025 15:46:28] "GET /api/settings HTTP/1.1" 200 -
2025-08-20 15:46:28,653 - werkzeug - INFO - 127.0.0.1 - - [20/Aug/2025 15:46:28] "GET /api/status HTTP/1.1" 200 -
2025-08-20 15:46:34,033 - werkzeug - INFO - 127.0.0.1 - - [20/Aug/2025 15:46:34] "OPTIONS /api/start HTTP/1.1" 200 -
2025-08-20 15:46:34,354 - camera_service - INFO - Camera service started
2025-08-20 15:46:34,355 - werkzeug - INFO - 127.0.0.1 - - [20/Aug/2025 15:46:34] "POST /api/start HTTP/1.1" 200 -
2025-08-20 15:46:35,377 - werkzeug - INFO - 127.0.0.1 - - [20/Aug/2025 15:46:35] "GET /api/camera-status HTTP/1.1" 200 -
2025-08-20 15:46:36,687 - werkzeug - INFO - 127.0.0.1 - - [20/Aug/2025 15:46:36] "GET /api/camera-status HTTP/1.1" 200 -
2025-08-20 15:46:37,389 - werkzeug - INFO - 127.0.0.1 - - [20/Aug/2025 15:46:37] "GET /api/camera-status HTTP/1.1" 200 -
2025-08-20 15:46:38,680 - werkzeug - INFO - 127.0.0.1 - - [20/Aug/2025 15:46:38] "GET /api/camera-status HTTP/1.1" 200 -
2025-08-20 15:46:39,380 - werkzeug - INFO - 127.0.0.1 - - [20/Aug/2025 15:46:39] "GET /api/camera-status HTTP/1.1" 200 -
2025-08-20 15:46:40,680 - werkzeug - INFO - 127.0.0.1 - - [20/Aug/2025 15:46:40] "GET /api/camera-status HTTP/1.1" 200 -
2025-08-20 15:46:40,943 - camera_service - INFO - Camera service stopped
2025-08-20 15:46:40,944 - werkzeug - INFO - 127.0.0.1 - - [20/Aug/2025 15:46:40] "POST /api/stop HTTP/1.1" 200 -
2025-08-20 15:48:14,844 - werkzeug - INFO - [31m[1mWARNING: This is a development server. Do not use it in a production deployment. Use a production WSGI server instead.[0m
 * Running on all addresses (0.0.0.0)
 * Running on http://127.0.0.1:5000
 * Running on http://192.168.101.4:5000
2025-08-20 15:48:14,844 - werkzeug - INFO - [33mPress CTRL+C to quit[0m
2025-08-20 15:48:16,380 - werkzeug - INFO - 127.0.0.1 - - [20/Aug/2025 15:48:16] "GET /api/settings HTTP/1.1" 200 -
2025-08-20 15:48:16,381 - werkzeug - INFO - 127.0.0.1 - - [20/Aug/2025 15:48:16] "GET /api/status HTTP/1.1" 200 -
2025-08-20 15:48:16,642 - werkzeug - INFO - 127.0.0.1 - - [20/Aug/2025 15:48:16] "GET /api/settings HTTP/1.1" 200 -
2025-08-20 15:48:16,690 - werkzeug - INFO - 127.0.0.1 - - [20/Aug/2025 15:48:16] "GET /api/status HTTP/1.1" 200 -
2025-08-20 15:48:23,482 - werkzeug - INFO - 127.0.0.1 - - [20/Aug/2025 15:48:23] "OPTIONS /api/start HTTP/1.1" 200 -
2025-08-20 15:48:23,797 - camera_service - INFO - Camera service started
2025-08-20 15:48:23,798 - werkzeug - INFO - 127.0.0.1 - - [20/Aug/2025 15:48:23] "POST /api/start HTTP/1.1" 200 -
2025-08-20 15:48:24,822 - werkzeug - INFO - 127.0.0.1 - - [20/Aug/2025 15:48:24] "GET /api/camera-status HTTP/1.1" 200 -
2025-08-20 15:48:26,131 - werkzeug - INFO - 127.0.0.1 - - [20/Aug/2025 15:48:26] "GET /api/camera-status HTTP/1.1" 200 -
2025-08-20 15:48:26,816 - werkzeug - INFO - 127.0.0.1 - - [20/Aug/2025 15:48:26] "GET /api/camera-status HTTP/1.1" 200 -
2025-08-20 15:48:28,121 - werkzeug - INFO - 127.0.0.1 - - [20/Aug/2025 15:48:28] "GET /api/camera-status HTTP/1.1" 200 -
2025-08-20 15:48:28,827 - werkzeug - INFO - 127.0.0.1 - - [20/Aug/2025 15:48:28] "GET /api/camera-status HTTP/1.1" 200 -
2025-08-20 15:48:30,125 - werkzeug - INFO - 127.0.0.1 - - [20/Aug/2025 15:48:30] "GET /api/camera-status HTTP/1.1" 200 -
2025-08-20 15:48:30,809 - werkzeug - INFO - 127.0.0.1 - - [20/Aug/2025 15:48:30] "GET /api/camera-status HTTP/1.1" 200 -
2025-08-20 15:48:31,880 - camera_service - INFO - Camera service stopped
2025-08-20 15:48:31,881 - werkzeug - INFO - 127.0.0.1 - - [20/Aug/2025 15:48:31] "POST /api/stop HTTP/1.1" 200 -
2025-08-20 15:48:32,129 - werkzeug - INFO - 127.0.0.1 - - [20/Aug/2025 15:48:32] "GET /api/camera-status HTTP/1.1" 200 -
